m,n,k,lda,ldb,ldc,offa,offb,offc,alpha,beta,order,transa,transb,side,uplo,diag,function,device,library,numQueues,label,GFLOPS
8,8,8,0,0,0,0,0,0,1.0,1.0,column,none,transpose,left,upper,unit,dgemm,gpu,clblas,4,S9150_14.50.2,0.0782277
16,16,16,0,0,0,0,0,0,1.0,1.0,column,none,transpose,left,upper,unit,dgemm,gpu,clblas,4,S9150_14.50.2,0.5681
24,24,24,0,0,0,0,0,0,1.0,1.0,column,none,transpose,left,upper,unit,dgemm,gpu,clblas,4,S9150_14.50.2,0.516013
32,32,32,0,0,0,0,0,0,1.0,1.0,column,none,transpose,left,upper,unit,dgemm,gpu,clblas,4,S9150_14.50.2,3.88477
40,40,40,0,0,0,0,0,0,1.0,1.0,column,none,transpose,left,upper,unit,dgemm,gpu,clblas,4,S9150_14.50.2,2.06385
48,48,48,0,0,0,0,0,0,1.0,1.0,column,none,transpose,left,upper,unit,dgemm,gpu,clblas,4,S9150_14.50.2,11.6967
56,56,56,0,0,0,0,0,0,1.0,1.0,column,none,transpose,left,upper,unit,dgemm,gpu,clblas,4,S9150_14.50.2,5.64319
64,64,64,0,0,0,0,0,0,1.0,1.0,column,none,transpose,left,upper,unit,dgemm,gpu,clblas,4,S9150_14.50.2,23.4581
72,72,72,0,0,0,0,0,0,1.0,1.0,column,none,transpose,left,upper,unit,dgemm,gpu,clblas,4,S9150_14.50.2,9.6459
80,80,80,0,0,0,0,0,0,1.0,1.0,column,none,transpose,left,upper,unit,dgemm,gpu,clblas,4,S9150_14.50.2,43.7794
88,88,88,0,0,0,0,0,0,1.0,1.0,column,none,transpose,left,upper,unit,dgemm,gpu,clblas,4,S9150_14.50.2,18.2334
96,96,96,0,0,0,0,0,0,1.0,1.0,column,none,transpose,left,upper,unit,dgemm,gpu,clblas,4,S9150_14.50.2,61.978
104,104,104,0,0,0,0,0,0,1.0,1.0,column,none,transpose,left,upper,unit,dgemm,gpu,clblas,4,S9150_14.50.2,26.7411
112,112,112,0,0,0,0,0,0,1.0,1.0,column,none,transpose,left,upper,unit,dgemm,gpu,clblas,4,S9150_14.50.2,86.724
120,120,120,0,0,0,0,0,0,1.0,1.0,column,none,transpose,left,upper,unit,dgemm,gpu,clblas,4,S9150_14.50.2,40.5681
128,128,128,0,0,0,0,0,0,1.0,1.0,column,none,transpose,left,upper,unit,dgemm,gpu,clblas,4,S9150_14.50.2,110.464
136,136,136,0,0,0,0,0,0,1.0,1.0,column,none,transpose,left,upper,unit,dgemm,gpu,clblas,4,S9150_14.50.2,48.896
144,144,144,0,0,0,0,0,0,1.0,1.0,column,none,transpose,left,upper,unit,dgemm,gpu,clblas,4,S9150_14.50.2,143.007
152,152,152,0,0,0,0,0,0,1.0,1.0,column,none,transpose,left,upper,unit,dgemm,gpu,clblas,4,S9150_14.50.2,66.4737
160,160,160,0,0,0,0,0,0,1.0,1.0,column,none,transpose,left,upper,unit,dgemm,gpu,clblas,4,S9150_14.50.2,177.508
168,168,168,0,0,0,0,0,0,1.0,1.0,column,none,transpose,left,upper,unit,dgemm,gpu,clblas,4,S9150_14.50.2,92.619
176,176,176,0,0,0,0,0,0,1.0,1.0,column,none,transpose,left,upper,unit,dgemm,gpu,clblas,4,S9150_14.50.2,216.04
184,184,184,0,0,0,0,0,0,1.0,1.0,column,none,transpose,left,upper,unit,dgemm,gpu,clblas,4,S9150_14.50.2,114.66
192,192,192,0,0,0,0,0,0,1.0,1.0,column,none,transpose,left,upper,unit,dgemm,gpu,clblas,4,S9150_14.50.2,272.488
200,200,200,0,0,0,0,0,0,1.0,1.0,column,none,transpose,left,upper,unit,dgemm,gpu,clblas,4,S9150_14.50.2,122.521
208,208,208,0,0,0,0,0,0,1.0,1.0,column,none,transpose,left,upper,unit,dgemm,gpu,clblas,4,S9150_14.50.2,297.485
216,216,216,0,0,0,0,0,0,1.0,1.0,column,none,transpose,left,upper,unit,dgemm,gpu,clblas,4,S9150_14.50.2,139.513
224,224,224,0,0,0,0,0,0,1.0,1.0,column,none,transpose,left,upper,unit,dgemm,gpu,clblas,4,S9150_14.50.2,296.008
232,232,232,0,0,0,0,0,0,1.0,1.0,column,none,transpose,left,upper,unit,dgemm,gpu,clblas,4,S9150_14.50.2,162.435
240,240,240,0,0,0,0,0,0,1.0,1.0,column,none,transpose,left,upper,unit,dgemm,gpu,clblas,4,S9150_14.50.2,276.729
248,248,248,0,0,0,0,0,0,1.0,1.0,column,none,transpose,left,upper,unit,dgemm,gpu,clblas,4,S9150_14.50.2,177.464
256,256,256,0,0,0,0,0,0,1.0,1.0,column,none,transpose,left,upper,unit,dgemm,gpu,clblas,4,S9150_14.50.2,379.876
264,264,264,0,0,0,0,0,0,1.0,1.0,column,none,transpose,left,upper,unit,dgemm,gpu,clblas,4,S9150_14.50.2,196.306
272,272,272,0,0,0,0,0,0,1.0,1.0,column,none,transpose,left,upper,unit,dgemm,gpu,clblas,4,S9150_14.50.2,315.195
280,280,280,0,0,0,0,0,0,1.0,1.0,column,none,transpose,left,upper,unit,dgemm,gpu,clblas,4,S9150_14.50.2,203.466
288,288,288,0,0,0,0,0,0,1.0,1.0,column,none,transpose,left,upper,unit,dgemm,gpu,clblas,4,S9150_14.50.2,473.778
296,296,296,0,0,0,0,0,0,1.0,1.0,column,none,transpose,left,upper,unit,dgemm,gpu,clblas,4,S9150_14.50.2,220.821
304,304,304,0,0,0,0,0,0,1.0,1.0,column,none,transpose,left,upper,unit,dgemm,gpu,clblas,4,S9150_14.50.2,329.592
312,312,312,0,0,0,0,0,0,1.0,1.0,column,none,transpose,left,upper,unit,dgemm,gpu,clblas,4,S9150_14.50.2,234.927
320,320,320,0,0,0,0,0,0,1.0,1.0,column,none,transpose,left,upper,unit,dgemm,gpu,clblas,4,S9150_14.50.2,544.998
328,328,328,0,0,0,0,0,0,1.0,1.0,column,none,transpose,left,upper,unit,dgemm,gpu,clblas,4,S9150_14.50.2,237.02
336,336,336,0,0,0,0,0,0,1.0,1.0,column,none,transpose,left,upper,unit,dgemm,gpu,clblas,4,S9150_14.50.2,353.293
344,344,344,0,0,0,0,0,0,1.0,1.0,column,none,transpose,left,upper,unit,dgemm,gpu,clblas,4,S9150_14.50.2,253.086
352,352,352,0,0,0,0,0,0,1.0,1.0,column,none,transpose,left,upper,unit,dgemm,gpu,clblas,4,S9150_14.50.2,685.812
360,360,360,0,0,0,0,0,0,1.0,1.0,column,none,transpose,left,upper,unit,dgemm,gpu,clblas,4,S9150_14.50.2,263.4
368,368,368,0,0,0,0,0,0,1.0,1.0,column,none,transpose,left,upper,unit,dgemm,gpu,clblas,4,S9150_14.50.2,367.008
376,376,376,0,0,0,0,0,0,1.0,1.0,column,none,transpose,left,upper,unit,dgemm,gpu,clblas,4,S9150_14.50.2,265.887
384,384,384,0,0,0,0,0,0,1.0,1.0,column,none,transpose,left,upper,unit,dgemm,gpu,clblas,4,S9150_14.50.2,534.861
392,392,392,0,0,0,0,0,0,1.0,1.0,column,none,transpose,left,upper,unit,dgemm,gpu,clblas,4,S9150_14.50.2,389.967
400,400,400,0,0,0,0,0,0,1.0,1.0,column,none,transpose,left,upper,unit,dgemm,gpu,clblas,4,S9150_14.50.2,413.624
408,408,408,0,0,0,0,0,0,1.0,1.0,column,none,transpose,left,upper,unit,dgemm,gpu,clblas,4,S9150_14.50.2,422.542
416,416,416,0,0,0,0,0,0,1.0,1.0,column,none,transpose,left,upper,unit,dgemm,gpu,clblas,4,S9150_14.50.2,805.407
424,424,424,0,0,0,0,0,0,1.0,1.0,column,none,transpose,left,upper,unit,dgemm,gpu,clblas,4,S9150_14.50.2,427.834
432,432,432,0,0,0,0,0,0,1.0,1.0,column,none,transpose,left,upper,unit,dgemm,gpu,clblas,4,S9150_14.50.2,528.043
440,440,440,0,0,0,0,0,0,1.0,1.0,column,none,transpose,left,upper,unit,dgemm,gpu,clblas,4,S9150_14.50.2,449.757
448,448,448,0,0,0,0,0,0,1.0,1.0,column,none,transpose,left,upper,unit,dgemm,gpu,clblas,4,S9150_14.50.2,622.532
456,456,456,0,0,0,0,0,0,1.0,1.0,column,none,transpose,left,upper,unit,dgemm,gpu,clblas,4,S9150_14.50.2,402.525
464,464,464,0,0,0,0,0,0,1.0,1.0,column,none,transpose,left,upper,unit,dgemm,gpu,clblas,4,S9150_14.50.2,408.52
472,472,472,0,0,0,0,0,0,1.0,1.0,column,none,transpose,left,upper,unit,dgemm,gpu,clblas,4,S9150_14.50.2,432.377
480,480,480,0,0,0,0,0,0,1.0,1.0,column,none,transpose,left,upper,unit,dgemm,gpu,clblas,4,S9150_14.50.2,663.758
488,488,488,0,0,0,0,0,0,1.0,1.0,column,none,transpose,left,upper,unit,dgemm,gpu,clblas,4,S9150_14.50.2,460.209
496,496,496,0,0,0,0,0,0,1.0,1.0,column,none,transpose,left,upper,unit,dgemm,gpu,clblas,4,S9150_14.50.2,430.199
504,504,504,0,0,0,0,0,0,1.0,1.0,column,none,transpose,left,upper,unit,dgemm,gpu,clblas,4,S9150_14.50.2,475.625
512,512,512,0,0,0,0,0,0,1.0,1.0,column,none,transpose,left,upper,unit,dgemm,gpu,clblas,4,S9150_14.50.2,822.135
520,520,520,0,0,0,0,0,0,1.0,1.0,column,none,transpose,left,upper,unit,dgemm,gpu,clblas,4,S9150_14.50.2,509.634
528,528,528,0,0,0,0,0,0,1.0,1.0,column,none,transpose,left,upper,unit,dgemm,gpu,clblas,4,S9150_14.50.2,796.375
536,536,536,0,0,0,0,0,0,1.0,1.0,column,none,transpose,left,upper,unit,dgemm,gpu,clblas,4,S9150_14.50.2,544.868
544,544,544,0,0,0,0,0,0,1.0,1.0,column,none,transpose,left,upper,unit,dgemm,gpu,clblas,4,S9150_14.50.2,849.077
552,552,552,0,0,0,0,0,0,1.0,1.0,column,none,transpose,left,upper,unit,dgemm,gpu,clblas,4,S9150_14.50.2,563.803
560,560,560,0,0,0,0,0,0,1.0,1.0,column,none,transpose,left,upper,unit,dgemm,gpu,clblas,4,S9150_14.50.2,686.442
568,568,568,0,0,0,0,0,0,1.0,1.0,column,none,transpose,left,upper,unit,dgemm,gpu,clblas,4,S9150_14.50.2,600.319
576,576,576,0,0,0,0,0,0,1.0,1.0,column,none,transpose,left,upper,unit,dgemm,gpu,clblas,4,S9150_14.50.2,1046.71
584,584,584,0,0,0,0,0,0,1.0,1.0,column,none,transpose,left,upper,unit,dgemm,gpu,clblas,4,S9150_14.50.2,586.245
592,592,592,0,0,0,0,0,0,1.0,1.0,column,none,transpose,left,upper,unit,dgemm,gpu,clblas,4,S9150_14.50.2,601.428
600,600,600,0,0,0,0,0,0,1.0,1.0,column,none,transpose,left,upper,unit,dgemm,gpu,clblas,4,S9150_14.50.2,618.318
608,608,608,0,0,0,0,0,0,1.0,1.0,column,none,transpose,left,upper,unit,dgemm,gpu,clblas,4,S9150_14.50.2,755.215
616,616,616,0,0,0,0,0,0,1.0,1.0,column,none,transpose,left,upper,unit,dgemm,gpu,clblas,4,S9150_14.50.2,567.68
624,624,624,0,0,0,0,0,0,1.0,1.0,column,none,transpose,left,upper,unit,dgemm,gpu,clblas,4,S9150_14.50.2,1129.73
632,632,632,0,0,0,0,0,0,1.0,1.0,column,none,transpose,left,upper,unit,dgemm,gpu,clblas,4,S9150_14.50.2,594.142
640,640,640,0,0,0,0,0,0,1.0,1.0,column,none,transpose,left,upper,unit,dgemm,gpu,clblas,4,S9150_14.50.2,1059.47
648,648,648,0,0,0,0,0,0,1.0,1.0,column,none,transpose,left,upper,unit,dgemm,gpu,clblas,4,S9150_14.50.2,616.561
656,656,656,0,0,0,0,0,0,1.0,1.0,column,none,transpose,left,upper,unit,dgemm,gpu,clblas,4,S9150_14.50.2,630.705
664,664,664,0,0,0,0,0,0,1.0,1.0,column,none,transpose,left,upper,unit,dgemm,gpu,clblas,4,S9150_14.50.2,645.133
672,672,672,0,0,0,0,0,0,1.0,1.0,column,none,transpose,left,upper,unit,dgemm,gpu,clblas,4,S9150_14.50.2,921.096
680,680,680,0,0,0,0,0,0,1.0,1.0,column,none,transpose,left,upper,unit,dgemm,gpu,clblas,4,S9150_14.50.2,654.596
688,688,688,0,0,0,0,0,0,1.0,1.0,column,none,transpose,left,upper,unit,dgemm,gpu,clblas,4,S9150_14.50.2,673.583
696,696,696,0,0,0,0,0,0,1.0,1.0,column,none,transpose,left,upper,unit,dgemm,gpu,clblas,4,S9150_14.50.2,687.732
704,704,704,0,0,0,0,0,0,1.0,1.0,column,none,transpose,left,upper,unit,dgemm,gpu,clblas,4,S9150_14.50.2,1289.17
712,712,712,0,0,0,0,0,0,1.0,1.0,column,none,transpose,left,upper,unit,dgemm,gpu,clblas,4,S9150_14.50.2,683.322
720,720,720,0,0,0,0,0,0,1.0,1.0,column,none,transpose,left,upper,unit,dgemm,gpu,clblas,4,S9150_14.50.2,1066.22
728,728,728,0,0,0,0,0,0,1.0,1.0,column,none,transpose,left,upper,unit,dgemm,gpu,clblas,4,S9150_14.50.2,722.16
736,736,736,0,0,0,0,0,0,1.0,1.0,column,none,transpose,left,upper,unit,dgemm,gpu,clblas,4,S9150_14.50.2,829.15
744,744,744,0,0,0,0,0,0,1.0,1.0,column,none,transpose,left,upper,unit,dgemm,gpu,clblas,4,S9150_14.50.2,664.736
752,752,752,0,0,0,0,0,0,1.0,1.0,column,none,transpose,left,upper,unit,dgemm,gpu,clblas,4,S9150_14.50.2,680.6
760,760,760,0,0,0,0,0,0,1.0,1.0,column,none,transpose,left,upper,unit,dgemm,gpu,clblas,4,S9150_14.50.2,694.681
768,768,768,0,0,0,0,0,0,1.0,1.0,column,none,transpose,left,upper,unit,dgemm,gpu,clblas,4,S9150_14.50.2,1278.81
776,776,776,0,0,0,0,0,0,1.0,1.0,column,none,transpose,left,upper,unit,dgemm,gpu,clblas,4,S9150_14.50.2,713.576
784,784,784,0,0,0,0,0,0,1.0,1.0,column,none,transpose,left,upper,unit,dgemm,gpu,clblas,4,S9150_14.50.2,728.586
792,792,792,0,0,0,0,0,0,1.0,1.0,column,none,transpose,left,upper,unit,dgemm,gpu,clblas,4,S9150_14.50.2,748.047
800,800,800,0,0,0,0,0,0,1.0,1.0,column,none,transpose,left,upper,unit,dgemm,gpu,clblas,4,S9150_14.50.2,890.241
808,808,808,0,0,0,0,0,0,1.0,1.0,column,none,transpose,left,upper,unit,dgemm,gpu,clblas,4,S9150_14.50.2,737.865
816,816,816,0,0,0,0,0,0,1.0,1.0,column,none,transpose,left,upper,unit,dgemm,gpu,clblas,4,S9150_14.50.2,1355.38
824,824,824,0,0,0,0,0,0,1.0,1.0,column,none,transpose,left,upper,unit,dgemm,gpu,clblas,4,S9150_14.50.2,764.625
832,832,832,0,0,0,0,0,0,1.0,1.0,column,none,transpose,left,upper,unit,dgemm,gpu,clblas,4,S9150_14.50.2,1501.81
840,840,840,0,0,0,0,0,0,1.0,1.0,column,none,transpose,left,upper,unit,dgemm,gpu,clblas,4,S9150_14.50.2,757.808
848,848,848,0,0,0,0,0,0,1.0,1.0,column,none,transpose,left,upper,unit,dgemm,gpu,clblas,4,S9150_14.50.2,770.412
856,856,856,0,0,0,0,0,0,1.0,1.0,column,none,transpose,left,upper,unit,dgemm,gpu,clblas,4,S9150_14.50.2,785.928
864,864,864,0,0,0,0,0,0,1.0,1.0,column,none,transpose,left,upper,unit,dgemm,gpu,clblas,4,S9150_14.50.2,1519.03
872,872,872,0,0,0,0,0,0,1.0,1.0,column,none,transpose,left,upper,unit,dgemm,gpu,clblas,4,S9150_14.50.2,752.633
880,880,880,0,0,0,0,0,0,1.0,1.0,column,none,transpose,left,upper,unit,dgemm,gpu,clblas,4,S9150_14.50.2,1078.2
888,888,888,0,0,0,0,0,0,1.0,1.0,column,none,transpose,left,upper,unit,dgemm,gpu,clblas,4,S9150_14.50.2,779.672
896,896,896,0,0,0,0,0,0,1.0,1.0,column,none,transpose,left,upper,unit,dgemm,gpu,clblas,4,S9150_14.50.2,1375.67
904,904,904,0,0,0,0,0,0,1.0,1.0,column,none,transpose,left,upper,unit,dgemm,gpu,clblas,4,S9150_14.50.2,786.676
912,912,912,0,0,0,0,0,0,1.0,1.0,column,none,transpose,left,upper,unit,dgemm,gpu,clblas,4,S9150_14.50.2,1152.8
920,920,920,0,0,0,0,0,0,1.0,1.0,column,none,transpose,left,upper,unit,dgemm,gpu,clblas,4,S9150_14.50.2,810.897
928,928,928,0,0,0,0,0,0,1.0,1.0,column,none,transpose,left,upper,unit,dgemm,gpu,clblas,4,S9150_14.50.2,950.979
936,936,936,0,0,0,0,0,0,1.0,1.0,column,none,transpose,left,upper,unit,dgemm,gpu,clblas,4,S9150_14.50.2,793.2
944,944,944,0,0,0,0,0,0,1.0,1.0,column,none,transpose,left,upper,unit,dgemm,gpu,clblas,4,S9150_14.50.2,808.555
952,952,952,0,0,0,0,0,0,1.0,1.0,column,none,transpose,left,upper,unit,dgemm,gpu,clblas,4,S9150_14.50.2,820.103
960,960,960,0,0,0,0,0,0,1.0,1.0,column,none,transpose,left,upper,unit,dgemm,gpu,clblas,4,S9150_14.50.2,1389.73
968,968,968,0,0,0,0,0,0,1.0,1.0,column,none,transpose,left,upper,unit,dgemm,gpu,clblas,4,S9150_14.50.2,797.267
976,976,976,0,0,0,0,0,0,1.0,1.0,column,none,transpose,left,upper,unit,dgemm,gpu,clblas,4,S9150_14.50.2,809.817
984,984,984,0,0,0,0,0,0,1.0,1.0,column,none,transpose,left,upper,unit,dgemm,gpu,clblas,4,S9150_14.50.2,821.175
992,992,992,0,0,0,0,0,0,1.0,1.0,column,none,transpose,left,upper,unit,dgemm,gpu,clblas,4,S9150_14.50.2,976.231
1000,1000,1000,0,0,0,0,0,0,1.0,1.0,column,none,transpose,left,upper,unit,dgemm,gpu,clblas,4,S9150_14.50.2,826.375
1008,1008,1008,0,0,0,0,0,0,1.0,1.0,column,none,transpose,left,upper,unit,dgemm,gpu,clblas,4,S9150_14.50.2,1406.36
1016,1016,1016,0,0,0,0,0,0,1.0,1.0,column,none,transpose,left,upper,unit,dgemm,gpu,clblas,4,S9150_14.50.2,839.216
1024,1024,1024,0,0,0,0,0,0,1.0,1.0,column,none,transpose,left,upper,unit,dgemm,gpu,clblas,4,S9150_14.50.2,1578.51
1032,1032,1032,0,0,0,0,0,0,1.0,1.0,column,none,transpose,left,upper,unit,dgemm,gpu,clblas,4,S9150_14.50.2,833.802
1040,1040,1040,0,0,0,0,0,0,1.0,1.0,column,none,transpose,left,upper,unit,dgemm,gpu,clblas,4,S9150_14.50.2,1278.99
1048,1048,1048,0,0,0,0,0,0,1.0,1.0,column,none,transpose,left,upper,unit,dgemm,gpu,clblas,4,S9150_14.50.2,863.496
1056,1056,1056,0,0,0,0,0,0,1.0,1.0,column,none,transpose,left,upper,unit,dgemm,gpu,clblas,4,S9150_14.50.2,1540.55
1064,1064,1064,0,0,0,0,0,0,1.0,1.0,column,none,transpose,left,upper,unit,dgemm,gpu,clblas,4,S9150_14.50.2,831.673
1072,1072,1072,0,0,0,0,0,0,1.0,1.0,column,none,transpose,left,upper,unit,dgemm,gpu,clblas,4,S9150_14.50.2,853.314
1080,1080,1080,0,0,0,0,0,0,1.0,1.0,column,none,transpose,left,upper,unit,dgemm,gpu,clblas,4,S9150_14.50.2,853.339
1088,1088,1088,0,0,0,0,0,0,1.0,1.0,column,none,transpose,left,upper,unit,dgemm,gpu,clblas,4,S9150_14.50.2,1582.68
1096,1096,1096,0,0,0,0,0,0,1.0,1.0,column,none,transpose,left,upper,unit,dgemm,gpu,clblas,4,S9150_14.50.2,855.113
1104,1104,1104,0,0,0,0,0,0,1.0,1.0,column,none,transpose,left,upper,unit,dgemm,gpu,clblas,4,S9150_14.50.2,1337.01
1112,1112,1112,0,0,0,0,0,0,1.0,1.0,column,none,transpose,left,upper,unit,dgemm,gpu,clblas,4,S9150_14.50.2,872.876
1120,1120,1120,0,0,0,0,0,0,1.0,1.0,column,none,transpose,left,upper,unit,dgemm,gpu,clblas,4,S9150_14.50.2,1163.87
1128,1128,1128,0,0,0,0,0,0,1.0,1.0,column,none,transpose,left,upper,unit,dgemm,gpu,clblas,4,S9150_14.50.2,862.628
1136,1136,1136,0,0,0,0,0,0,1.0,1.0,column,none,transpose,left,upper,unit,dgemm,gpu,clblas,4,S9150_14.50.2,1182.83
1144,1144,1144,0,0,0,0,0,0,1.0,1.0,column,none,transpose,left,upper,unit,dgemm,gpu,clblas,4,S9150_14.50.2,1207.89
1152,1152,1152,0,0,0,0,0,0,1.0,1.0,column,none,transpose,left,upper,unit,dgemm,gpu,clblas,4,S9150_14.50.2,1445.51
1160,1160,1160,0,0,0,0,0,0,1.0,1.0,column,none,transpose,left,upper,unit,dgemm,gpu,clblas,4,S9150_14.50.2,1153.03
1168,1168,1168,0,0,0,0,0,0,1.0,1.0,column,none,transpose,left,upper,unit,dgemm,gpu,clblas,4,S9150_14.50.2,1175.4
1176,1176,1176,0,0,0,0,0,0,1.0,1.0,column,none,transpose,left,upper,unit,dgemm,gpu,clblas,4,S9150_14.50.2,1176.53
1184,1184,1184,0,0,0,0,0,0,1.0,1.0,column,none,transpose,left,upper,unit,dgemm,gpu,clblas,4,S9150_14.50.2,981.487
1192,1192,1192,0,0,0,0,0,0,1.0,1.0,column,none,transpose,left,upper,unit,dgemm,gpu,clblas,4,S9150_14.50.2,1227.48
1200,1200,1200,0,0,0,0,0,0,1.0,1.0,column,none,transpose,left,upper,unit,dgemm,gpu,clblas,4,S9150_14.50.2,1573.43
1208,1208,1208,0,0,0,0,0,0,1.0,1.0,column,none,transpose,left,upper,unit,dgemm,gpu,clblas,4,S9150_14.50.2,1248.7
1216,1216,1216,0,0,0,0,0,0,1.0,1.0,column,none,transpose,left,upper,unit,dgemm,gpu,clblas,4,S9150_14.50.2,1578.47
1224,1224,1224,0,0,0,0,0,0,1.0,1.0,column,none,transpose,left,upper,unit,dgemm,gpu,clblas,4,S9150_14.50.2,1199.22
1232,1232,1232,0,0,0,0,0,0,1.0,1.0,column,none,transpose,left,upper,unit,dgemm,gpu,clblas,4,S9150_14.50.2,1209.44
1240,1240,1240,0,0,0,0,0,0,1.0,1.0,column,none,transpose,left,upper,unit,dgemm,gpu,clblas,4,S9150_14.50.2,1230.22
1248,1248,1248,0,0,0,0,0,0,1.0,1.0,column,none,transpose,left,upper,unit,dgemm,gpu,clblas,4,S9150_14.50.2,1699.59
1256,1256,1256,0,0,0,0,0,0,1.0,1.0,column,none,transpose,left,upper,unit,dgemm,gpu,clblas,4,S9150_14.50.2,1251.0
1264,1264,1264,0,0,0,0,0,0,1.0,1.0,column,none,transpose,left,upper,unit,dgemm,gpu,clblas,4,S9150_14.50.2,1273.02
1272,1272,1272,0,0,0,0,0,0,1.0,1.0,column,none,transpose,left,upper,unit,dgemm,gpu,clblas,4,S9150_14.50.2,1287.57
1280,1280,1280,0,0,0,0,0,0,1.0,1.0,column,none,transpose,left,upper,unit,dgemm,gpu,clblas,4,S9150_14.50.2,1590.53
1288,1288,1288,0,0,0,0,0,0,1.0,1.0,column,none,transpose,left,upper,unit,dgemm,gpu,clblas,4,S9150_14.50.2,1244.0
1296,1296,1296,0,0,0,0,0,0,1.0,1.0,column,none,transpose,left,upper,unit,dgemm,gpu,clblas,4,S9150_14.50.2,1485.26
1304,1304,1304,0,0,0,0,0,0,1.0,1.0,column,none,transpose,left,upper,unit,dgemm,gpu,clblas,4,S9150_14.50.2,1274.51
1312,1312,1312,0,0,0,0,0,0,1.0,1.0,column,none,transpose,left,upper,unit,dgemm,gpu,clblas,4,S9150_14.50.2,993.004
1320,1320,1320,0,0,0,0,0,0,1.0,1.0,column,none,transpose,left,upper,unit,dgemm,gpu,clblas,4,S9150_14.50.2,1301.79
1328,1328,1328,0,0,0,0,0,0,1.0,1.0,column,none,transpose,left,upper,unit,dgemm,gpu,clblas,4,S9150_14.50.2,1314.03
1336,1336,1336,0,0,0,0,0,0,1.0,1.0,column,none,transpose,left,upper,unit,dgemm,gpu,clblas,4,S9150_14.50.2,1326.27
1344,1344,1344,0,0,0,0,0,0,1.0,1.0,column,none,transpose,left,upper,unit,dgemm,gpu,clblas,4,S9150_14.50.2,1601.15
1352,1352,1352,0,0,0,0,0,0,1.0,1.0,column,none,transpose,left,upper,unit,dgemm,gpu,clblas,4,S9150_14.50.2,1276.58
1360,1360,1360,0,0,0,0,0,0,1.0,1.0,column,none,transpose,left,upper,unit,dgemm,gpu,clblas,4,S9150_14.50.2,1278.46
1368,1368,1368,0,0,0,0,0,0,1.0,1.0,column,none,transpose,left,upper,unit,dgemm,gpu,clblas,4,S9150_14.50.2,1299.77
1376,1376,1376,0,0,0,0,0,0,1.0,1.0,column,none,transpose,left,upper,unit,dgemm,gpu,clblas,4,S9150_14.50.2,992.864
1384,1384,1384,0,0,0,0,0,0,1.0,1.0,column,none,transpose,left,upper,unit,dgemm,gpu,clblas,4,S9150_14.50.2,1328.08
1392,1392,1392,0,0,0,0,0,0,1.0,1.0,column,none,transpose,left,upper,unit,dgemm,gpu,clblas,4,S9150_14.50.2,1714.85
1400,1400,1400,0,0,0,0,0,0,1.0,1.0,column,none,transpose,left,upper,unit,dgemm,gpu,clblas,4,S9150_14.50.2,1356.69
1408,1408,1408,0,0,0,0,0,0,1.0,1.0,column,none,transpose,left,upper,unit,dgemm,gpu,clblas,4,S9150_14.50.2,1772.2
1416,1416,1416,0,0,0,0,0,0,1.0,1.0,column,none,transpose,left,upper,unit,dgemm,gpu,clblas,4,S9150_14.50.2,1345.4
1424,1424,1424,0,0,0,0,0,0,1.0,1.0,column,none,transpose,left,upper,unit,dgemm,gpu,clblas,4,S9150_14.50.2,1353.81
1432,1432,1432,0,0,0,0,0,0,1.0,1.0,column,none,transpose,left,upper,unit,dgemm,gpu,clblas,4,S9150_14.50.2,1370.64
1440,1440,1440,0,0,0,0,0,0,1.0,1.0,column,none,transpose,left,upper,unit,dgemm,gpu,clblas,4,S9150_14.50.2,1559.24
1448,1448,1448,0,0,0,0,0,0,1.0,1.0,column,none,transpose,left,upper,unit,dgemm,gpu,clblas,4,S9150_14.50.2,1405.67
1456,1456,1456,0,0,0,0,0,0,1.0,1.0,column,none,transpose,left,upper,unit,dgemm,gpu,clblas,4,S9150_14.50.2,1419.07
1464,1464,1464,0,0,0,0,0,0,1.0,1.0,column,none,transpose,left,upper,unit,dgemm,gpu,clblas,4,S9150_14.50.2,1413.53
1472,1472,1472,0,0,0,0,0,0,1.0,1.0,column,none,transpose,left,upper,unit,dgemm,gpu,clblas,4,S9150_14.50.2,1662.62
1480,1480,1480,0,0,0,0,0,0,1.0,1.0,column,none,transpose,left,upper,unit,dgemm,gpu,clblas,4,S9150_14.50.2,1356.02
1488,1488,1488,0,0,0,0,0,0,1.0,1.0,column,none,transpose,left,upper,unit,dgemm,gpu,clblas,4,S9150_14.50.2,1662.51
1496,1496,1496,0,0,0,0,0,0,1.0,1.0,column,none,transpose,left,upper,unit,dgemm,gpu,clblas,4,S9150_14.50.2,1386.62
1504,1504,1504,0,0,0,0,0,0,1.0,1.0,column,none,transpose,left,upper,unit,dgemm,gpu,clblas,4,S9150_14.50.2,1004.78
1512,1512,1512,0,0,0,0,0,0,1.0,1.0,column,none,transpose,left,upper,unit,dgemm,gpu,clblas,4,S9150_14.50.2,1417.87
1520,1520,1520,0,0,0,0,0,0,1.0,1.0,column,none,transpose,left,upper,unit,dgemm,gpu,clblas,4,S9150_14.50.2,1264.72
1528,1528,1528,0,0,0,0,0,0,1.0,1.0,column,none,transpose,left,upper,unit,dgemm,gpu,clblas,4,S9150_14.50.2,1443.8
1536,1536,1536,0,0,0,0,0,0,1.0,1.0,column,none,transpose,left,upper,unit,dgemm,gpu,clblas,4,S9150_14.50.2,1710.95
1544,1544,1544,0,0,0,0,0,0,1.0,1.0,column,none,transpose,left,upper,unit,dgemm,gpu,clblas,4,S9150_14.50.2,1401.42
1552,1552,1552,0,0,0,0,0,0,1.0,1.0,column,none,transpose,left,upper,unit,dgemm,gpu,clblas,4,S9150_14.50.2,1419.84
1560,1560,1560,0,0,0,0,0,0,1.0,1.0,column,none,transpose,left,upper,unit,dgemm,gpu,clblas,4,S9150_14.50.2,1425.75
1568,1568,1568,0,0,0,0,0,0,1.0,1.0,column,none,transpose,left,upper,unit,dgemm,gpu,clblas,4,S9150_14.50.2,1444.9
1576,1576,1576,0,0,0,0,0,0,1.0,1.0,column,none,transpose,left,upper,unit,dgemm,gpu,clblas,4,S9150_14.50.2,1457.56
1584,1584,1584,0,0,0,0,0,0,1.0,1.0,column,none,transpose,left,upper,unit,dgemm,gpu,clblas,4,S9150_14.50.2,1630.1
1592,1592,1592,0,0,0,0,0,0,1.0,1.0,column,none,transpose,left,upper,unit,dgemm,gpu,clblas,4,S9150_14.50.2,1472.9
1600,1600,1600,0,0,0,0,0,0,1.0,1.0,column,none,transpose,left,upper,unit,dgemm,gpu,clblas,4,S9150_14.50.2,1727.37
1608,1608,1608,0,0,0,0,0,0,1.0,1.0,column,none,transpose,left,upper,unit,dgemm,gpu,clblas,4,S9150_14.50.2,1432.28
1616,1616,1616,0,0,0,0,0,0,1.0,1.0,column,none,transpose,left,upper,unit,dgemm,gpu,clblas,4,S9150_14.50.2,1455.28
1624,1624,1624,0,0,0,0,0,0,1.0,1.0,column,none,transpose,left,upper,unit,dgemm,gpu,clblas,4,S9150_14.50.2,1465.8
1632,1632,1632,0,0,0,0,0,0,1.0,1.0,column,none,transpose,left,upper,unit,dgemm,gpu,clblas,4,S9150_14.50.2,1726.17
1640,1640,1640,0,0,0,0,0,0,1.0,1.0,column,none,transpose,left,upper,unit,dgemm,gpu,clblas,4,S9150_14.50.2,1477.81
1648,1648,1648,0,0,0,0,0,0,1.0,1.0,column,none,transpose,left,upper,unit,dgemm,gpu,clblas,4,S9150_14.50.2,1502.69
1656,1656,1656,0,0,0,0,0,0,1.0,1.0,column,none,transpose,left,upper,unit,dgemm,gpu,clblas,4,S9150_14.50.2,1510.27
1664,1664,1664,0,0,0,0,0,0,1.0,1.0,column,none,transpose,left,upper,unit,dgemm,gpu,clblas,4,S9150_14.50.2,1759.82
1672,1672,1672,0,0,0,0,0,0,1.0,1.0,column,none,transpose,left,upper,unit,dgemm,gpu,clblas,4,S9150_14.50.2,1469.09
1680,1680,1680,0,0,0,0,0,0,1.0,1.0,column,none,transpose,left,upper,unit,dgemm,gpu,clblas,4,S9150_14.50.2,1820.71
1688,1688,1688,0,0,0,0,0,0,1.0,1.0,column,none,transpose,left,upper,unit,dgemm,gpu,clblas,4,S9150_14.50.2,1494.65
1696,1696,1696,0,0,0,0,0,0,1.0,1.0,column,none,transpose,left,upper,unit,dgemm,gpu,clblas,4,S9150_14.50.2,1505.76
1704,1704,1704,0,0,0,0,0,0,1.0,1.0,column,none,transpose,left,upper,unit,dgemm,gpu,clblas,4,S9150_14.50.2,1526.07
1712,1712,1712,0,0,0,0,0,0,1.0,1.0,column,none,transpose,left,upper,unit,dgemm,gpu,clblas,4,S9150_14.50.2,1533.92
1720,1720,1720,0,0,0,0,0,0,1.0,1.0,column,none,transpose,left,upper,unit,dgemm,gpu,clblas,4,S9150_14.50.2,1554.46
1728,1728,1728,0,0,0,0,0,0,1.0,1.0,column,none,transpose,left,upper,unit,dgemm,gpu,clblas,4,S9150_14.50.2,1706.04
1736,1736,1736,0,0,0,0,0,0,1.0,1.0,column,none,transpose,left,upper,unit,dgemm,gpu,clblas,4,S9150_14.50.2,1497.58
1744,1744,1744,0,0,0,0,0,0,1.0,1.0,column,none,transpose,left,upper,unit,dgemm,gpu,clblas,4,S9150_14.50.2,1520.38
1752,1752,1752,0,0,0,0,0,0,1.0,1.0,column,none,transpose,left,upper,unit,dgemm,gpu,clblas,4,S9150_14.50.2,1535.59
1760,1760,1760,0,0,0,0,0,0,1.0,1.0,column,none,transpose,left,upper,unit,dgemm,gpu,clblas,4,S9150_14.50.2,1410.64
1768,1768,1768,0,0,0,0,0,0,1.0,1.0,column,none,transpose,left,upper,unit,dgemm,gpu,clblas,4,S9150_14.50.2,1549.15
1776,1776,1776,0,0,0,0,0,0,1.0,1.0,column,none,transpose,left,upper,unit,dgemm,gpu,clblas,4,S9150_14.50.2,1795.3
1784,1784,1784,0,0,0,0,0,0,1.0,1.0,column,none,transpose,left,upper,unit,dgemm,gpu,clblas,4,S9150_14.50.2,1590.0
1792,1792,1792,0,0,0,0,0,0,1.0,1.0,column,none,transpose,left,upper,unit,dgemm,gpu,clblas,4,S9150_14.50.2,1826.15
1800,1800,1800,0,0,0,0,0,0,1.0,1.0,column,none,transpose,left,upper,unit,dgemm,gpu,clblas,4,S9150_14.50.2,1554.98
1808,1808,1808,0,0,0,0,0,0,1.0,1.0,column,none,transpose,left,upper,unit,dgemm,gpu,clblas,4,S9150_14.50.2,1520.45
1816,1816,1816,0,0,0,0,0,0,1.0,1.0,column,none,transpose,left,upper,unit,dgemm,gpu,clblas,4,S9150_14.50.2,1546.2
1824,1824,1824,0,0,0,0,0,0,1.0,1.0,column,none,transpose,left,upper,unit,dgemm,gpu,clblas,4,S9150_14.50.2,1701.26
1832,1832,1832,0,0,0,0,0,0,1.0,1.0,column,none,transpose,left,upper,unit,dgemm,gpu,clblas,4,S9150_14.50.2,1565.86
1840,1840,1840,0,0,0,0,0,0,1.0,1.0,column,none,transpose,left,upper,unit,dgemm,gpu,clblas,4,S9150_14.50.2,1314.82
1848,1848,1848,0,0,0,0,0,0,1.0,1.0,column,none,transpose,left,upper,unit,dgemm,gpu,clblas,4,S9150_14.50.2,1584.09
1856,1856,1856,0,0,0,0,0,0,1.0,1.0,column,none,transpose,left,upper,unit,dgemm,gpu,clblas,4,S9150_14.50.2,1778.42
1864,1864,1864,0,0,0,0,0,0,1.0,1.0,column,none,transpose,left,upper,unit,dgemm,gpu,clblas,4,S9150_14.50.2,1526.05
1872,1872,1872,0,0,0,0,0,0,1.0,1.0,column,none,transpose,left,upper,unit,dgemm,gpu,clblas,4,S9150_14.50.2,1784.29
1880,1880,1880,0,0,0,0,0,0,1.0,1.0,column,none,transpose,left,upper,unit,dgemm,gpu,clblas,4,S9150_14.50.2,1557.5
1888,1888,1888,0,0,0,0,0,0,1.0,1.0,column,none,transpose,left,upper,unit,dgemm,gpu,clblas,4,S9150_14.50.2,1581.99
1896,1896,1896,0,0,0,0,0,0,1.0,1.0,column,none,transpose,left,upper,unit,dgemm,gpu,clblas,4,S9150_14.50.2,1575.6
1904,1904,1904,0,0,0,0,0,0,1.0,1.0,column,none,transpose,left,upper,unit,dgemm,gpu,clblas,4,S9150_14.50.2,1596.08
1912,1912,1912,0,0,0,0,0,0,1.0,1.0,column,none,transpose,left,upper,unit,dgemm,gpu,clblas,4,S9150_14.50.2,1604.35
1920,1920,1920,0,0,0,0,0,0,1.0,1.0,column,none,transpose,left,upper,unit,dgemm,gpu,clblas,4,S9150_14.50.2,1688.12
1928,1928,1928,0,0,0,0,0,0,1.0,1.0,column,none,transpose,left,upper,unit,dgemm,gpu,clblas,4,S9150_14.50.2,1558.41
1936,1936,1936,0,0,0,0,0,0,1.0,1.0,column,none,transpose,left,upper,unit,dgemm,gpu,clblas,4,S9150_14.50.2,1574.73
1944,1944,1944,0,0,0,0,0,0,1.0,1.0,column,none,transpose,left,upper,unit,dgemm,gpu,clblas,4,S9150_14.50.2,1577.48
1952,1952,1952,0,0,0,0,0,0,1.0,1.0,column,none,transpose,left,upper,unit,dgemm,gpu,clblas,4,S9150_14.50.2,1598.76
1960,1960,1960,0,0,0,0,0,0,1.0,1.0,column,none,transpose,left,upper,unit,dgemm,gpu,clblas,4,S9150_14.50.2,1618.8
1968,1968,1968,0,0,0,0,0,0,1.0,1.0,column,none,transpose,left,upper,unit,dgemm,gpu,clblas,4,S9150_14.50.2,1782.94
1976,1976,1976,0,0,0,0,0,0,1.0,1.0,column,none,transpose,left,upper,unit,dgemm,gpu,clblas,4,S9150_14.50.2,1652.05
1984,1984,1984,0,0,0,0,0,0,1.0,1.0,column,none,transpose,left,upper,unit,dgemm,gpu,clblas,4,S9150_14.50.2,1855.55
1992,1992,1992,0,0,0,0,0,0,1.0,1.0,column,none,transpose,left,upper,unit,dgemm,gpu,clblas,4,S9150_14.50.2,1590.48
2000,2000,2000,0,0,0,0,0,0,1.0,1.0,column,none,transpose,left,upper,unit,dgemm,gpu,clblas,4,S9150_14.50.2,1357.68
2008,2008,2008,0,0,0,0,0,0,1.0,1.0,column,none,transpose,left,upper,unit,dgemm,gpu,clblas,4,S9150_14.50.2,1606.04
2016,2016,2016,0,0,0,0,0,0,1.0,1.0,column,none,transpose,left,upper,unit,dgemm,gpu,clblas,4,S9150_14.50.2,1717.41
2024,2024,2024,0,0,0,0,0,0,1.0,1.0,column,none,transpose,left,upper,unit,dgemm,gpu,clblas,4,S9150_14.50.2,1631.74
2032,2032,2032,0,0,0,0,0,0,1.0,1.0,column,none,transpose,left,upper,unit,dgemm,gpu,clblas,4,S9150_14.50.2,1639.12
2040,2040,2040,0,0,0,0,0,0,1.0,1.0,column,none,transpose,left,upper,unit,dgemm,gpu,clblas,4,S9150_14.50.2,1646.23
2048,2048,2048,0,0,0,0,0,0,1.0,1.0,column,none,transpose,left,upper,unit,dgemm,gpu,clblas,4,S9150_14.50.2,1808.61
2056,2056,2056,0,0,0,0,0,0,1.0,1.0,column,none,transpose,left,upper,unit,dgemm,gpu,clblas,4,S9150_14.50.2,1598.26
2064,2064,2064,0,0,0,0,0,0,1.0,1.0,column,none,transpose,left,upper,unit,dgemm,gpu,clblas,4,S9150_14.50.2,1782.64
2072,2072,2072,0,0,0,0,0,0,1.0,1.0,column,none,transpose,left,upper,unit,dgemm,gpu,clblas,4,S9150_14.50.2,1626.44
2080,2080,2080,0,0,0,0,0,0,1.0,1.0,column,none,transpose,left,upper,unit,dgemm,gpu,clblas,4,S9150_14.50.2,1375.23
2088,2088,2088,0,0,0,0,0,0,1.0,1.0,column,none,transpose,left,upper,unit,dgemm,gpu,clblas,4,S9150_14.50.2,1645.57
2096,2096,2096,0,0,0,0,0,0,1.0,1.0,column,none,transpose,left,upper,unit,dgemm,gpu,clblas,4,S9150_14.50.2,1667.1
2104,2104,2104,0,0,0,0,0,0,1.0,1.0,column,none,transpose,left,upper,unit,dgemm,gpu,clblas,4,S9150_14.50.2,1682.16
2112,2112,2112,0,0,0,0,0,0,1.0,1.0,column,none,transpose,left,upper,unit,dgemm,gpu,clblas,4,S9150_14.50.2,1858.4
2120,2120,2120,0,0,0,0,0,0,1.0,1.0,column,none,transpose,left,upper,unit,dgemm,gpu,clblas,4,S9150_14.50.2,1632.53
2128,2128,2128,0,0,0,0,0,0,1.0,1.0,column,none,transpose,left,upper,unit,dgemm,gpu,clblas,4,S9150_14.50.2,1644.0
2136,2136,2136,0,0,0,0,0,0,1.0,1.0,column,none,transpose,left,upper,unit,dgemm,gpu,clblas,4,S9150_14.50.2,1655.66
2144,2144,2144,0,0,0,0,0,0,1.0,1.0,column,none,transpose,left,upper,unit,dgemm,gpu,clblas,4,S9150_14.50.2,1690.0
2152,2152,2152,0,0,0,0,0,0,1.0,1.0,column,none,transpose,left,upper,unit,dgemm,gpu,clblas,4,S9150_14.50.2,1683.11
2160,2160,2160,0,0,0,0,0,0,1.0,1.0,column,none,transpose,left,upper,unit,dgemm,gpu,clblas,4,S9150_14.50.2,1798.42
2168,2168,2168,0,0,0,0,0,0,1.0,1.0,column,none,transpose,left,upper,unit,dgemm,gpu,clblas,4,S9150_14.50.2,1707.75
2176,2176,2176,0,0,0,0,0,0,1.0,1.0,column,none,transpose,left,upper,unit,dgemm,gpu,clblas,4,S9150_14.50.2,1836.16
2184,2184,2184,0,0,0,0,0,0,1.0,1.0,column,none,transpose,left,upper,unit,dgemm,gpu,clblas,4,S9150_14.50.2,1634.52
2192,2192,2192,0,0,0,0,0,0,1.0,1.0,column,none,transpose,left,upper,unit,dgemm,gpu,clblas,4,S9150_14.50.2,1655.56
2200,2200,2200,0,0,0,0,0,0,1.0,1.0,column,none,transpose,left,upper,unit,dgemm,gpu,clblas,4,S9150_14.50.2,1658.9
2208,2208,2208,0,0,0,0,0,0,1.0,1.0,column,none,transpose,left,upper,unit,dgemm,gpu,clblas,4,S9150_14.50.2,1749.34
2216,2216,2216,0,0,0,0,0,0,1.0,1.0,column,none,transpose,left,upper,unit,dgemm,gpu,clblas,4,S9150_14.50.2,1679.08
2224,2224,2224,0,0,0,0,0,0,1.0,1.0,column,none,transpose,left,upper,unit,dgemm,gpu,clblas,4,S9150_14.50.2,1703.58
2232,2232,2232,0,0,0,0,0,0,1.0,1.0,column,none,transpose,left,upper,unit,dgemm,gpu,clblas,4,S9150_14.50.2,1699.52
2240,2240,2240,0,0,0,0,0,0,1.0,1.0,column,none,transpose,left,upper,unit,dgemm,gpu,clblas,4,S9150_14.50.2,1879.27
2248,2248,2248,0,0,0,0,0,0,1.0,1.0,column,none,transpose,left,upper,unit,dgemm,gpu,clblas,4,S9150_14.50.2,1642.14
2256,2256,2256,0,0,0,0,0,0,1.0,1.0,column,none,transpose,left,upper,unit,dgemm,gpu,clblas,4,S9150_14.50.2,1813.71
2264,2264,2264,0,0,0,0,0,0,1.0,1.0,column,none,transpose,left,upper,unit,dgemm,gpu,clblas,4,S9150_14.50.2,1678.36
2272,2272,2272,0,0,0,0,0,0,1.0,1.0,column,none,transpose,left,upper,unit,dgemm,gpu,clblas,4,S9150_14.50.2,1698.37
2280,2280,2280,0,0,0,0,0,0,1.0,1.0,column,none,transpose,left,upper,unit,dgemm,gpu,clblas,4,S9150_14.50.2,1713.16
2288,2288,2288,0,0,0,0,0,0,1.0,1.0,column,none,transpose,left,upper,unit,dgemm,gpu,clblas,4,S9150_14.50.2,1715.03
2296,2296,2296,0,0,0,0,0,0,1.0,1.0,column,none,transpose,left,upper,unit,dgemm,gpu,clblas,4,S9150_14.50.2,1723.88
2304,2304,2304,0,0,0,0,0,0,1.0,1.0,column,none,transpose,left,upper,unit,dgemm,gpu,clblas,4,S9150_14.50.2,1743.05
2312,2312,2312,0,0,0,0,0,0,1.0,1.0,column,none,transpose,left,upper,unit,dgemm,gpu,clblas,4,S9150_14.50.2,1664.36
2320,2320,2320,0,0,0,0,0,0,1.0,1.0,column,none,transpose,left,upper,unit,dgemm,gpu,clblas,4,S9150_14.50.2,1381.55
2328,2328,2328,0,0,0,0,0,0,1.0,1.0,column,none,transpose,left,upper,unit,dgemm,gpu,clblas,4,S9150_14.50.2,1683.17
2336,2336,2336,0,0,0,0,0,0,1.0,1.0,column,none,transpose,left,upper,unit,dgemm,gpu,clblas,4,S9150_14.50.2,1707.21
2344,2344,2344,0,0,0,0,0,0,1.0,1.0,column,none,transpose,left,upper,unit,dgemm,gpu,clblas,4,S9150_14.50.2,1706.76
2352,2352,2352,0,0,0,0,0,0,1.0,1.0,column,none,transpose,left,upper,unit,dgemm,gpu,clblas,4,S9150_14.50.2,1832.1
2360,2360,2360,0,0,0,0,0,0,1.0,1.0,column,none,transpose,left,upper,unit,dgemm,gpu,clblas,4,S9150_14.50.2,1716.37
2368,2368,2368,0,0,0,0,0,0,1.0,1.0,column,none,transpose,left,upper,unit,dgemm,gpu,clblas,4,S9150_14.50.2,1847.84
2376,2376,2376,0,0,0,0,0,0,1.0,1.0,column,none,transpose,left,upper,unit,dgemm,gpu,clblas,4,S9150_14.50.2,1669.33
2384,2384,2384,0,0,0,0,0,0,1.0,1.0,column,none,transpose,left,upper,unit,dgemm,gpu,clblas,4,S9150_14.50.2,1673.69
2392,2392,2392,0,0,0,0,0,0,1.0,1.0,column,none,transpose,left,upper,unit,dgemm,gpu,clblas,4,S9150_14.50.2,1685.5
2400,2400,2400,0,0,0,0,0,0,1.0,1.0,column,none,transpose,left,upper,unit,dgemm,gpu,clblas,4,S9150_14.50.2,1790.95
2408,2408,2408,0,0,0,0,0,0,1.0,1.0,column,none,transpose,left,upper,unit,dgemm,gpu,clblas,4,S9150_14.50.2,1720.19
2416,2416,2416,0,0,0,0,0,0,1.0,1.0,column,none,transpose,left,upper,unit,dgemm,gpu,clblas,4,S9150_14.50.2,1718.34
2424,2424,2424,0,0,0,0,0,0,1.0,1.0,column,none,transpose,left,upper,unit,dgemm,gpu,clblas,4,S9150_14.50.2,1736.55
2432,2432,2432,0,0,0,0,0,0,1.0,1.0,column,none,transpose,left,upper,unit,dgemm,gpu,clblas,4,S9150_14.50.2,1890.07
2440,2440,2440,0,0,0,0,0,0,1.0,1.0,column,none,transpose,left,upper,unit,dgemm,gpu,clblas,4,S9150_14.50.2,1702.25
2448,2448,2448,0,0,0,0,0,0,1.0,1.0,column,none,transpose,left,upper,unit,dgemm,gpu,clblas,4,S9150_14.50.2,1854.32
2456,2456,2456,0,0,0,0,0,0,1.0,1.0,column,none,transpose,left,upper,unit,dgemm,gpu,clblas,4,S9150_14.50.2,1710.38
2464,2464,2464,0,0,0,0,0,0,1.0,1.0,column,none,transpose,left,upper,unit,dgemm,gpu,clblas,4,S9150_14.50.2,1736.55
2472,2472,2472,0,0,0,0,0,0,1.0,1.0,column,none,transpose,left,upper,unit,dgemm,gpu,clblas,4,S9150_14.50.2,1732.99
2480,2480,2480,0,0,0,0,0,0,1.0,1.0,column,none,transpose,left,upper,unit,dgemm,gpu,clblas,4,S9150_14.50.2,1436.84
2488,2488,2488,0,0,0,0,0,0,1.0,1.0,column,none,transpose,left,upper,unit,dgemm,gpu,clblas,4,S9150_14.50.2,1759.82
2496,2496,2496,0,0,0,0,0,0,1.0,1.0,column,none,transpose,left,upper,unit,dgemm,gpu,clblas,4,S9150_14.50.2,1814.88
2504,2504,2504,0,0,0,0,0,0,1.0,1.0,column,none,transpose,left,upper,unit,dgemm,gpu,clblas,4,S9150_14.50.2,1721.7
2512,2512,2512,0,0,0,0,0,0,1.0,1.0,column,none,transpose,left,upper,unit,dgemm,gpu,clblas,4,S9150_14.50.2,1718.25
2520,2520,2520,0,0,0,0,0,0,1.0,1.0,column,none,transpose,left,upper,unit,dgemm,gpu,clblas,4,S9150_14.50.2,1733.34
2528,2528,2528,0,0,0,0,0,0,1.0,1.0,column,none,transpose,left,upper,unit,dgemm,gpu,clblas,4,S9150_14.50.2,1732.51
2536,2536,2536,0,0,0,0,0,0,1.0,1.0,column,none,transpose,left,upper,unit,dgemm,gpu,clblas,4,S9150_14.50.2,1741.26
2544,2544,2544,0,0,0,0,0,0,1.0,1.0,column,none,transpose,left,upper,unit,dgemm,gpu,clblas,4,S9150_14.50.2,1870.67
2552,2552,2552,0,0,0,0,0,0,1.0,1.0,column,none,transpose,left,upper,unit,dgemm,gpu,clblas,4,S9150_14.50.2,1745.95
2560,2560,2560,0,0,0,0,0,0,1.0,1.0,column,none,transpose,left,upper,unit,dgemm,gpu,clblas,4,S9150_14.50.2,1867.74
2568,2568,2568,0,0,0,0,0,0,1.0,1.0,column,none,transpose,left,upper,unit,dgemm,gpu,clblas,4,S9150_14.50.2,1713.11
2576,2576,2576,0,0,0,0,0,0,1.0,1.0,column,none,transpose,left,upper,unit,dgemm,gpu,clblas,4,S9150_14.50.2,1726.88
2584,2584,2584,0,0,0,0,0,0,1.0,1.0,column,none,transpose,left,upper,unit,dgemm,gpu,clblas,4,S9150_14.50.2,1732.91
2592,2592,2592,0,0,0,0,0,0,1.0,1.0,column,none,transpose,left,upper,unit,dgemm,gpu,clblas,4,S9150_14.50.2,1841.7
2600,2600,2600,0,0,0,0,0,0,1.0,1.0,column,none,transpose,left,upper,unit,dgemm,gpu,clblas,4,S9150_14.50.2,1748.15
2608,2608,2608,0,0,0,0,0,0,1.0,1.0,column,none,transpose,left,upper,unit,dgemm,gpu,clblas,4,S9150_14.50.2,1761.62
2616,2616,2616,0,0,0,0,0,0,1.0,1.0,column,none,transpose,left,upper,unit,dgemm,gpu,clblas,4,S9150_14.50.2,1774.03
2624,2624,2624,0,0,0,0,0,0,1.0,1.0,column,none,transpose,left,upper,unit,dgemm,gpu,clblas,4,S9150_14.50.2,1873.32
2632,2632,2632,0,0,0,0,0,0,1.0,1.0,column,none,transpose,left,upper,unit,dgemm,gpu,clblas,4,S9150_14.50.2,1718.68
2640,2640,2640,0,0,0,0,0,0,1.0,1.0,column,none,transpose,left,upper,unit,dgemm,gpu,clblas,4,S9150_14.50.2,1809.86
2648,2648,2648,0,0,0,0,0,0,1.0,1.0,column,none,transpose,left,upper,unit,dgemm,gpu,clblas,4,S9150_14.50.2,1744.32
2656,2656,2656,0,0,0,0,0,0,1.0,1.0,column,none,transpose,left,upper,unit,dgemm,gpu,clblas,4,S9150_14.50.2,1756.26
2664,2664,2664,0,0,0,0,0,0,1.0,1.0,column,none,transpose,left,upper,unit,dgemm,gpu,clblas,4,S9150_14.50.2,1766.71
2672,2672,2672,0,0,0,0,0,0,1.0,1.0,column,none,transpose,left,upper,unit,dgemm,gpu,clblas,4,S9150_14.50.2,1774.71
2680,2680,2680,0,0,0,0,0,0,1.0,1.0,column,none,transpose,left,upper,unit,dgemm,gpu,clblas,4,S9150_14.50.2,1777.9
2688,2688,2688,0,0,0,0,0,0,1.0,1.0,column,none,transpose,left,upper,unit,dgemm,gpu,clblas,4,S9150_14.50.2,1863.24
2696,2696,2696,0,0,0,0,0,0,1.0,1.0,column,none,transpose,left,upper,unit,dgemm,gpu,clblas,4,S9150_14.50.2,1720.91
2704,2704,2704,0,0,0,0,0,0,1.0,1.0,column,none,transpose,left,upper,unit,dgemm,gpu,clblas,4,S9150_14.50.2,1733.77
2712,2712,2712,0,0,0,0,0,0,1.0,1.0,column,none,transpose,left,upper,unit,dgemm,gpu,clblas,4,S9150_14.50.2,1740.23
2720,2720,2720,0,0,0,0,0,0,1.0,1.0,column,none,transpose,left,upper,unit,dgemm,gpu,clblas,4,S9150_14.50.2,1412.32
2728,2728,2728,0,0,0,0,0,0,1.0,1.0,column,none,transpose,left,upper,unit,dgemm,gpu,clblas,4,S9150_14.50.2,1767.66
2736,2736,2736,0,0,0,0,0,0,1.0,1.0,column,none,transpose,left,upper,unit,dgemm,gpu,clblas,4,S9150_14.50.2,1832.54
2744,2744,2744,0,0,0,0,0,0,1.0,1.0,column,none,transpose,left,upper,unit,dgemm,gpu,clblas,4,S9150_14.50.2,1781.34
2752,2752,2752,0,0,0,0,0,0,1.0,1.0,column,none,transpose,left,upper,unit,dgemm,gpu,clblas,4,S9150_14.50.2,1873.56
2760,2760,2760,0,0,0,0,0,0,1.0,1.0,column,none,transpose,left,upper,unit,dgemm,gpu,clblas,4,S9150_14.50.2,1732.24
2768,2768,2768,0,0,0,0,0,0,1.0,1.0,column,none,transpose,left,upper,unit,dgemm,gpu,clblas,4,S9150_14.50.2,1747.72
2776,2776,2776,0,0,0,0,0,0,1.0,1.0,column,none,transpose,left,upper,unit,dgemm,gpu,clblas,4,S9150_14.50.2,1759.76
2784,2784,2784,0,0,0,0,0,0,1.0,1.0,column,none,transpose,left,upper,unit,dgemm,gpu,clblas,4,S9150_14.50.2,1816.62
2792,2792,2792,0,0,0,0,0,0,1.0,1.0,column,none,transpose,left,upper,unit,dgemm,gpu,clblas,4,S9150_14.50.2,1768.1
2800,2800,2800,0,0,0,0,0,0,1.0,1.0,column,none,transpose,left,upper,unit,dgemm,gpu,clblas,4,S9150_14.50.2,1798.07
2808,2808,2808,0,0,0,0,0,0,1.0,1.0,column,none,transpose,left,upper,unit,dgemm,gpu,clblas,4,S9150_14.50.2,1790.26
2816,2816,2816,0,0,0,0,0,0,1.0,1.0,column,none,transpose,left,upper,unit,dgemm,gpu,clblas,4,S9150_14.50.2,1915.33
2824,2824,2824,0,0,0,0,0,0,1.0,1.0,column,none,transpose,left,upper,unit,dgemm,gpu,clblas,4,S9150_14.50.2,1752.44
2832,2832,2832,0,0,0,0,0,0,1.0,1.0,column,none,transpose,left,upper,unit,dgemm,gpu,clblas,4,S9150_14.50.2,1866.96
2840,2840,2840,0,0,0,0,0,0,1.0,1.0,column,none,transpose,left,upper,unit,dgemm,gpu,clblas,4,S9150_14.50.2,1766.86
2848,2848,2848,0,0,0,0,0,0,1.0,1.0,column,none,transpose,left,upper,unit,dgemm,gpu,clblas,4,S9150_14.50.2,1788.84
2856,2856,2856,0,0,0,0,0,0,1.0,1.0,column,none,transpose,left,upper,unit,dgemm,gpu,clblas,4,S9150_14.50.2,1784.01
2864,2864,2864,0,0,0,0,0,0,1.0,1.0,column,none,transpose,left,upper,unit,dgemm,gpu,clblas,4,S9150_14.50.2,1801.38
2872,2872,2872,0,0,0,0,0,0,1.0,1.0,column,none,transpose,left,upper,unit,dgemm,gpu,clblas,4,S9150_14.50.2,1798.08
2880,2880,2880,0,0,0,0,0,0,1.0,1.0,column,none,transpose,left,upper,unit,dgemm,gpu,clblas,4,S9150_14.50.2,1848.1
2888,2888,2888,0,0,0,0,0,0,1.0,1.0,column,none,transpose,left,upper,unit,dgemm,gpu,clblas,4,S9150_14.50.2,1739.84
2896,2896,2896,0,0,0,0,0,0,1.0,1.0,column,none,transpose,left,upper,unit,dgemm,gpu,clblas,4,S9150_14.50.2,1754.53
2904,2904,2904,0,0,0,0,0,0,1.0,1.0,column,none,transpose,left,upper,unit,dgemm,gpu,clblas,4,S9150_14.50.2,1763.81
2912,2912,2912,0,0,0,0,0,0,1.0,1.0,column,none,transpose,left,upper,unit,dgemm,gpu,clblas,4,S9150_14.50.2,1773.12
2920,2920,2920,0,0,0,0,0,0,1.0,1.0,column,none,transpose,left,upper,unit,dgemm,gpu,clblas,4,S9150_14.50.2,1779.79
2928,2928,2928,0,0,0,0,0,0,1.0,1.0,column,none,transpose,left,upper,unit,dgemm,gpu,clblas,4,S9150_14.50.2,1826.35
2936,2936,2936,0,0,0,0,0,0,1.0,1.0,column,none,transpose,left,upper,unit,dgemm,gpu,clblas,4,S9150_14.50.2,1802.52
2944,2944,2944,0,0,0,0,0,0,1.0,1.0,column,none,transpose,left,upper,unit,dgemm,gpu,clblas,4,S9150_14.50.2,1887.66
2952,2952,2952,0,0,0,0,0,0,1.0,1.0,column,none,transpose,left,upper,unit,dgemm,gpu,clblas,4,S9150_14.50.2,1752.03
2960,2960,2960,0,0,0,0,0,0,1.0,1.0,column,none,transpose,left,upper,unit,dgemm,gpu,clblas,4,S9150_14.50.2,1764.91
2968,2968,2968,0,0,0,0,0,0,1.0,1.0,column,none,transpose,left,upper,unit,dgemm,gpu,clblas,4,S9150_14.50.2,1770.76
2976,2976,2976,0,0,0,0,0,0,1.0,1.0,column,none,transpose,left,upper,unit,dgemm,gpu,clblas,4,S9150_14.50.2,1881.04
2984,2984,2984,0,0,0,0,0,0,1.0,1.0,column,none,transpose,left,upper,unit,dgemm,gpu,clblas,4,S9150_14.50.2,1785.73
2992,2992,2992,0,0,0,0,0,0,1.0,1.0,column,none,transpose,left,upper,unit,dgemm,gpu,clblas,4,S9150_14.50.2,1798.06
3000,3000,3000,0,0,0,0,0,0,1.0,1.0,column,none,transpose,left,upper,unit,dgemm,gpu,clblas,4,S9150_14.50.2,1806.23
3008,3008,3008,0,0,0,0,0,0,1.0,1.0,column,none,transpose,left,upper,unit,dgemm,gpu,clblas,4,S9150_14.50.2,1895.41
3016,3016,3016,0,0,0,0,0,0,1.0,1.0,column,none,transpose,left,upper,unit,dgemm,gpu,clblas,4,S9150_14.50.2,1763.57
3024,3024,3024,0,0,0,0,0,0,1.0,1.0,column,none,transpose,left,upper,unit,dgemm,gpu,clblas,4,S9150_14.50.2,1861.28
3032,3032,3032,0,0,0,0,0,0,1.0,1.0,column,none,transpose,left,upper,unit,dgemm,gpu,clblas,4,S9150_14.50.2,1783.78
3040,3040,3040,0,0,0,0,0,0,1.0,1.0,column,none,transpose,left,upper,unit,dgemm,gpu,clblas,4,S9150_14.50.2,1794.23
3048,3048,3048,0,0,0,0,0,0,1.0,1.0,column,none,transpose,left,upper,unit,dgemm,gpu,clblas,4,S9150_14.50.2,1800.23
3056,3056,3056,0,0,0,0,0,0,1.0,1.0,column,none,transpose,left,upper,unit,dgemm,gpu,clblas,4,S9150_14.50.2,1805.91
3064,3064,3064,0,0,0,0,0,0,1.0,1.0,column,none,transpose,left,upper,unit,dgemm,gpu,clblas,4,S9150_14.50.2,1815.35
3072,3072,3072,0,0,0,0,0,0,1.0,1.0,column,none,transpose,left,upper,unit,dgemm,gpu,clblas,4,S9150_14.50.2,1145.82
3080,3080,3080,0,0,0,0,0,0,1.0,1.0,column,none,transpose,left,upper,unit,dgemm,gpu,clblas,4,S9150_14.50.2,1764.72
3088,3088,3088,0,0,0,0,0,0,1.0,1.0,column,none,transpose,left,upper,unit,dgemm,gpu,clblas,4,S9150_14.50.2,1786.22
3096,3096,3096,0,0,0,0,0,0,1.0,1.0,column,none,transpose,left,upper,unit,dgemm,gpu,clblas,4,S9150_14.50.2,1788.54
3104,3104,3104,0,0,0,0,0,0,1.0,1.0,column,none,transpose,left,upper,unit,dgemm,gpu,clblas,4,S9150_14.50.2,1796.04
3112,3112,3112,0,0,0,0,0,0,1.0,1.0,column,none,transpose,left,upper,unit,dgemm,gpu,clblas,4,S9150_14.50.2,1806.82
3120,3120,3120,0,0,0,0,0,0,1.0,1.0,column,none,transpose,left,upper,unit,dgemm,gpu,clblas,4,S9150_14.50.2,1830.3
3128,3128,3128,0,0,0,0,0,0,1.0,1.0,column,none,transpose,left,upper,unit,dgemm,gpu,clblas,4,S9150_14.50.2,1830.75
3136,3136,3136,0,0,0,0,0,0,1.0,1.0,column,none,transpose,left,upper,unit,dgemm,gpu,clblas,4,S9150_14.50.2,1912.97
3144,3144,3144,0,0,0,0,0,0,1.0,1.0,column,none,transpose,left,upper,unit,dgemm,gpu,clblas,4,S9150_14.50.2,1786.21
3152,3152,3152,0,0,0,0,0,0,1.0,1.0,column,none,transpose,left,upper,unit,dgemm,gpu,clblas,4,S9150_14.50.2,1786.1
3160,3160,3160,0,0,0,0,0,0,1.0,1.0,column,none,transpose,left,upper,unit,dgemm,gpu,clblas,4,S9150_14.50.2,1805.01
3168,3168,3168,0,0,0,0,0,0,1.0,1.0,column,none,transpose,left,upper,unit,dgemm,gpu,clblas,4,S9150_14.50.2,1879.37
3176,3176,3176,0,0,0,0,0,0,1.0,1.0,column,none,transpose,left,upper,unit,dgemm,gpu,clblas,4,S9150_14.50.2,1820.17
3184,3184,3184,0,0,0,0,0,0,1.0,1.0,column,none,transpose,left,upper,unit,dgemm,gpu,clblas,4,S9150_14.50.2,1824.26
3192,3192,3192,0,0,0,0,0,0,1.0,1.0,column,none,transpose,left,upper,unit,dgemm,gpu,clblas,4,S9150_14.50.2,1833.5
3200,3200,3200,0,0,0,0,0,0,1.0,1.0,column,none,transpose,left,upper,unit,dgemm,gpu,clblas,4,S9150_14.50.2,1922.49
3208,3208,3208,0,0,0,0,0,0,1.0,1.0,column,none,transpose,left,upper,unit,dgemm,gpu,clblas,4,S9150_14.50.2,1781.27
3216,3216,3216,0,0,0,0,0,0,1.0,1.0,column,none,transpose,left,upper,unit,dgemm,gpu,clblas,4,S9150_14.50.2,1864.25
3224,3224,3224,0,0,0,0,0,0,1.0,1.0,column,none,transpose,left,upper,unit,dgemm,gpu,clblas,4,S9150_14.50.2,1804.95
3232,3232,3232,0,0,0,0,0,0,1.0,1.0,column,none,transpose,left,upper,unit,dgemm,gpu,clblas,4,S9150_14.50.2,1813.63
3240,3240,3240,0,0,0,0,0,0,1.0,1.0,column,none,transpose,left,upper,unit,dgemm,gpu,clblas,4,S9150_14.50.2,1823.89
3248,3248,3248,0,0,0,0,0,0,1.0,1.0,column,none,transpose,left,upper,unit,dgemm,gpu,clblas,4,S9150_14.50.2,1838.35
3256,3256,3256,0,0,0,0,0,0,1.0,1.0,column,none,transpose,left,upper,unit,dgemm,gpu,clblas,4,S9150_14.50.2,1839.8
3264,3264,3264,0,0,0,0,0,0,1.0,1.0,column,none,transpose,left,upper,unit,dgemm,gpu,clblas,4,S9150_14.50.2,1853.65
3272,3272,3272,0,0,0,0,0,0,1.0,1.0,column,none,transpose,left,upper,unit,dgemm,gpu,clblas,4,S9150_14.50.2,1784.92
3280,3280,3280,0,0,0,0,0,0,1.0,1.0,column,none,transpose,left,upper,unit,dgemm,gpu,clblas,4,S9150_14.50.2,1797.01
3288,3288,3288,0,0,0,0,0,0,1.0,1.0,column,none,transpose,left,upper,unit,dgemm,gpu,clblas,4,S9150_14.50.2,1804.77
3296,3296,3296,0,0,0,0,0,0,1.0,1.0,column,none,transpose,left,upper,unit,dgemm,gpu,clblas,4,S9150_14.50.2,1810.73
3304,3304,3304,0,0,0,0,0,0,1.0,1.0,column,none,transpose,left,upper,unit,dgemm,gpu,clblas,4,S9150_14.50.2,1824.78
3312,3312,3312,0,0,0,0,0,0,1.0,1.0,column,none,transpose,left,upper,unit,dgemm,gpu,clblas,4,S9150_14.50.2,1839.13
3320,3320,3320,0,0,0,0,0,0,1.0,1.0,column,none,transpose,left,upper,unit,dgemm,gpu,clblas,4,S9150_14.50.2,1842.3
3328,3328,3328,0,0,0,0,0,0,1.0,1.0,column,none,transpose,left,upper,unit,dgemm,gpu,clblas,4,S9150_14.50.2,1914.21
3336,3336,3336,0,0,0,0,0,0,1.0,1.0,column,none,transpose,left,upper,unit,dgemm,gpu,clblas,4,S9150_14.50.2,1790.83
3344,3344,3344,0,0,0,0,0,0,1.0,1.0,column,none,transpose,left,upper,unit,dgemm,gpu,clblas,4,S9150_14.50.2,1810.9
3352,3352,3352,0,0,0,0,0,0,1.0,1.0,column,none,transpose,left,upper,unit,dgemm,gpu,clblas,4,S9150_14.50.2,1809.77
3360,3360,3360,0,0,0,0,0,0,1.0,1.0,column,none,transpose,left,upper,unit,dgemm,gpu,clblas,4,S9150_14.50.2,1889.02
3368,3368,3368,0,0,0,0,0,0,1.0,1.0,column,none,transpose,left,upper,unit,dgemm,gpu,clblas,4,S9150_14.50.2,1828.63
3376,3376,3376,0,0,0,0,0,0,1.0,1.0,column,none,transpose,left,upper,unit,dgemm,gpu,clblas,4,S9150_14.50.2,1837.25
3384,3384,3384,0,0,0,0,0,0,1.0,1.0,column,none,transpose,left,upper,unit,dgemm,gpu,clblas,4,S9150_14.50.2,1853.34
3392,3392,3392,0,0,0,0,0,0,1.0,1.0,column,none,transpose,left,upper,unit,dgemm,gpu,clblas,4,S9150_14.50.2,1928.83
3400,3400,3400,0,0,0,0,0,0,1.0,1.0,column,none,transpose,left,upper,unit,dgemm,gpu,clblas,4,S9150_14.50.2,1798.49
3408,3408,3408,0,0,0,0,0,0,1.0,1.0,column,none,transpose,left,upper,unit,dgemm,gpu,clblas,4,S9150_14.50.2,1876.35
3416,3416,3416,0,0,0,0,0,0,1.0,1.0,column,none,transpose,left,upper,unit,dgemm,gpu,clblas,4,S9150_14.50.2,1821.3
3424,3424,3424,0,0,0,0,0,0,1.0,1.0,column,none,transpose,left,upper,unit,dgemm,gpu,clblas,4,S9150_14.50.2,1832.2
3432,3432,3432,0,0,0,0,0,0,1.0,1.0,column,none,transpose,left,upper,unit,dgemm,gpu,clblas,4,S9150_14.50.2,1838.28
3440,3440,3440,0,0,0,0,0,0,1.0,1.0,column,none,transpose,left,upper,unit,dgemm,gpu,clblas,4,S9150_14.50.2,1851.45
3448,3448,3448,0,0,0,0,0,0,1.0,1.0,column,none,transpose,left,upper,unit,dgemm,gpu,clblas,4,S9150_14.50.2,1854.44
3456,3456,3456,0,0,0,0,0,0,1.0,1.0,column,none,transpose,left,upper,unit,dgemm,gpu,clblas,4,S9150_14.50.2,1863.47
3464,3464,3464,0,0,0,0,0,0,1.0,1.0,column,none,transpose,left,upper,unit,dgemm,gpu,clblas,4,S9150_14.50.2,1796.43
3472,3472,3472,0,0,0,0,0,0,1.0,1.0,column,none,transpose,left,upper,unit,dgemm,gpu,clblas,4,S9150_14.50.2,1811.93
3480,3480,3480,0,0,0,0,0,0,1.0,1.0,column,none,transpose,left,upper,unit,dgemm,gpu,clblas,4,S9150_14.50.2,1818.32
3488,3488,3488,0,0,0,0,0,0,1.0,1.0,column,none,transpose,left,upper,unit,dgemm,gpu,clblas,4,S9150_14.50.2,1835.75
3496,3496,3496,0,0,0,0,0,0,1.0,1.0,column,none,transpose,left,upper,unit,dgemm,gpu,clblas,4,S9150_14.50.2,1836.4
3504,3504,3504,0,0,0,0,0,0,1.0,1.0,column,none,transpose,left,upper,unit,dgemm,gpu,clblas,4,S9150_14.50.2,1861.08
3512,3512,3512,0,0,0,0,0,0,1.0,1.0,column,none,transpose,left,upper,unit,dgemm,gpu,clblas,4,S9150_14.50.2,1852.45
3520,3520,3520,0,0,0,0,0,0,1.0,1.0,column,none,transpose,left,upper,unit,dgemm,gpu,clblas,4,S9150_14.50.2,1929.45
3528,3528,3528,0,0,0,0,0,0,1.0,1.0,column,none,transpose,left,upper,unit,dgemm,gpu,clblas,4,S9150_14.50.2,1813.9
3536,3536,3536,0,0,0,0,0,0,1.0,1.0,column,none,transpose,left,upper,unit,dgemm,gpu,clblas,4,S9150_14.50.2,1822.88
3544,3544,3544,0,0,0,0,0,0,1.0,1.0,column,none,transpose,left,upper,unit,dgemm,gpu,clblas,4,S9150_14.50.2,1828.24
3552,3552,3552,0,0,0,0,0,0,1.0,1.0,column,none,transpose,left,upper,unit,dgemm,gpu,clblas,4,S9150_14.50.2,1856.14
3560,3560,3560,0,0,0,0,0,0,1.0,1.0,column,none,transpose,left,upper,unit,dgemm,gpu,clblas,4,S9150_14.50.2,1866.6
3568,3568,3568,0,0,0,0,0,0,1.0,1.0,column,none,transpose,left,upper,unit,dgemm,gpu,clblas,4,S9150_14.50.2,1843.59
3576,3576,3576,0,0,0,0,0,0,1.0,1.0,column,none,transpose,left,upper,unit,dgemm,gpu,clblas,4,S9150_14.50.2,1854.67
3584,3584,3584,0,0,0,0,0,0,1.0,1.0,column,none,transpose,left,upper,unit,dgemm,gpu,clblas,4,S9150_14.50.2,1887.81
3592,3592,3592,0,0,0,0,0,0,1.0,1.0,column,none,transpose,left,upper,unit,dgemm,gpu,clblas,4,S9150_14.50.2,1810.44
3600,3600,3600,0,0,0,0,0,0,1.0,1.0,column,none,transpose,left,upper,unit,dgemm,gpu,clblas,4,S9150_14.50.2,1887.43
3608,3608,3608,0,0,0,0,0,0,1.0,1.0,column,none,transpose,left,upper,unit,dgemm,gpu,clblas,4,S9150_14.50.2,1833.77
3616,3616,3616,0,0,0,0,0,0,1.0,1.0,column,none,transpose,left,upper,unit,dgemm,gpu,clblas,4,S9150_14.50.2,1842.11
3624,3624,3624,0,0,0,0,0,0,1.0,1.0,column,none,transpose,left,upper,unit,dgemm,gpu,clblas,4,S9150_14.50.2,1841.88
3632,3632,3632,0,0,0,0,0,0,1.0,1.0,column,none,transpose,left,upper,unit,dgemm,gpu,clblas,4,S9150_14.50.2,1853.79
3640,3640,3640,0,0,0,0,0,0,1.0,1.0,column,none,transpose,left,upper,unit,dgemm,gpu,clblas,4,S9150_14.50.2,1865.82
3648,3648,3648,0,0,0,0,0,0,1.0,1.0,column,none,transpose,left,upper,unit,dgemm,gpu,clblas,4,S9150_14.50.2,1892.59
3656,3656,3656,0,0,0,0,0,0,1.0,1.0,column,none,transpose,left,upper,unit,dgemm,gpu,clblas,4,S9150_14.50.2,1822.57
3664,3664,3664,0,0,0,0,0,0,1.0,1.0,column,none,transpose,left,upper,unit,dgemm,gpu,clblas,4,S9150_14.50.2,1833.03
3672,3672,3672,0,0,0,0,0,0,1.0,1.0,column,none,transpose,left,upper,unit,dgemm,gpu,clblas,4,S9150_14.50.2,1833.44
3680,3680,3680,0,0,0,0,0,0,1.0,1.0,column,none,transpose,left,upper,unit,dgemm,gpu,clblas,4,S9150_14.50.2,1847.14
3688,3688,3688,0,0,0,0,0,0,1.0,1.0,column,none,transpose,left,upper,unit,dgemm,gpu,clblas,4,S9150_14.50.2,1849.47
3696,3696,3696,0,0,0,0,0,0,1.0,1.0,column,none,transpose,left,upper,unit,dgemm,gpu,clblas,4,S9150_14.50.2,1886.54
3704,3704,3704,0,0,0,0,0,0,1.0,1.0,column,none,transpose,left,upper,unit,dgemm,gpu,clblas,4,S9150_14.50.2,1871.59
3712,3712,3712,0,0,0,0,0,0,1.0,1.0,column,none,transpose,left,upper,unit,dgemm,gpu,clblas,4,S9150_14.50.2,1925.93
3720,3720,3720,0,0,0,0,0,0,1.0,1.0,column,none,transpose,left,upper,unit,dgemm,gpu,clblas,4,S9150_14.50.2,1825.68
3728,3728,3728,0,0,0,0,0,0,1.0,1.0,column,none,transpose,left,upper,unit,dgemm,gpu,clblas,4,S9150_14.50.2,1827.33
3736,3736,3736,0,0,0,0,0,0,1.0,1.0,column,none,transpose,left,upper,unit,dgemm,gpu,clblas,4,S9150_14.50.2,1838.0
3744,3744,3744,0,0,0,0,0,0,1.0,1.0,column,none,transpose,left,upper,unit,dgemm,gpu,clblas,4,S9150_14.50.2,1883.21
3752,3752,3752,0,0,0,0,0,0,1.0,1.0,column,none,transpose,left,upper,unit,dgemm,gpu,clblas,4,S9150_14.50.2,1855.21
3760,3760,3760,0,0,0,0,0,0,1.0,1.0,column,none,transpose,left,upper,unit,dgemm,gpu,clblas,4,S9150_14.50.2,1857.87
3768,3768,3768,0,0,0,0,0,0,1.0,1.0,column,none,transpose,left,upper,unit,dgemm,gpu,clblas,4,S9150_14.50.2,1868.98
3776,3776,3776,0,0,0,0,0,0,1.0,1.0,column,none,transpose,left,upper,unit,dgemm,gpu,clblas,4,S9150_14.50.2,1920.23
3784,3784,3784,0,0,0,0,0,0,1.0,1.0,column,none,transpose,left,upper,unit,dgemm,gpu,clblas,4,S9150_14.50.2,1824.77
3792,3792,3792,0,0,0,0,0,0,1.0,1.0,column,none,transpose,left,upper,unit,dgemm,gpu,clblas,4,S9150_14.50.2,1876.17
3800,3800,3800,0,0,0,0,0,0,1.0,1.0,column,none,transpose,left,upper,unit,dgemm,gpu,clblas,4,S9150_14.50.2,1842.45
3808,3808,3808,0,0,0,0,0,0,1.0,1.0,column,none,transpose,left,upper,unit,dgemm,gpu,clblas,4,S9150_14.50.2,1844.57
3816,3816,3816,0,0,0,0,0,0,1.0,1.0,column,none,transpose,left,upper,unit,dgemm,gpu,clblas,4,S9150_14.50.2,1855.39
3824,3824,3824,0,0,0,0,0,0,1.0,1.0,column,none,transpose,left,upper,unit,dgemm,gpu,clblas,4,S9150_14.50.2,1866.18
3832,3832,3832,0,0,0,0,0,0,1.0,1.0,column,none,transpose,left,upper,unit,dgemm,gpu,clblas,4,S9150_14.50.2,1870.1
3840,3840,3840,0,0,0,0,0,0,1.0,1.0,column,none,transpose,left,upper,unit,dgemm,gpu,clblas,4,S9150_14.50.2,1825.16
3848,3848,3848,0,0,0,0,0,0,1.0,1.0,column,none,transpose,left,upper,unit,dgemm,gpu,clblas,4,S9150_14.50.2,1831.01
3856,3856,3856,0,0,0,0,0,0,1.0,1.0,column,none,transpose,left,upper,unit,dgemm,gpu,clblas,4,S9150_14.50.2,1837.94
3864,3864,3864,0,0,0,0,0,0,1.0,1.0,column,none,transpose,left,upper,unit,dgemm,gpu,clblas,4,S9150_14.50.2,1847.99
3872,3872,3872,0,0,0,0,0,0,1.0,1.0,column,none,transpose,left,upper,unit,dgemm,gpu,clblas,4,S9150_14.50.2,1862.48
3880,3880,3880,0,0,0,0,0,0,1.0,1.0,column,none,transpose,left,upper,unit,dgemm,gpu,clblas,4,S9150_14.50.2,1862.36
3888,3888,3888,0,0,0,0,0,0,1.0,1.0,column,none,transpose,left,upper,unit,dgemm,gpu,clblas,4,S9150_14.50.2,1870.49
3896,3896,3896,0,0,0,0,0,0,1.0,1.0,column,none,transpose,left,upper,unit,dgemm,gpu,clblas,4,S9150_14.50.2,1881.83
3904,3904,3904,0,0,0,0,0,0,1.0,1.0,column,none,transpose,left,upper,unit,dgemm,gpu,clblas,4,S9150_14.50.2,1932.93
3912,3912,3912,0,0,0,0,0,0,1.0,1.0,column,none,transpose,left,upper,unit,dgemm,gpu,clblas,4,S9150_14.50.2,1839.2
3920,3920,3920,0,0,0,0,0,0,1.0,1.0,column,none,transpose,left,upper,unit,dgemm,gpu,clblas,4,S9150_14.50.2,1851.38
3928,3928,3928,0,0,0,0,0,0,1.0,1.0,column,none,transpose,left,upper,unit,dgemm,gpu,clblas,4,S9150_14.50.2,1852.17
3936,3936,3936,0,0,0,0,0,0,1.0,1.0,column,none,transpose,left,upper,unit,dgemm,gpu,clblas,4,S9150_14.50.2,1871.51
3944,3944,3944,0,0,0,0,0,0,1.0,1.0,column,none,transpose,left,upper,unit,dgemm,gpu,clblas,4,S9150_14.50.2,1857.47
3952,3952,3952,0,0,0,0,0,0,1.0,1.0,column,none,transpose,left,upper,unit,dgemm,gpu,clblas,4,S9150_14.50.2,1873.73
3960,3960,3960,0,0,0,0,0,0,1.0,1.0,column,none,transpose,left,upper,unit,dgemm,gpu,clblas,4,S9150_14.50.2,1873.69
3968,3968,3968,0,0,0,0,0,0,1.0,1.0,column,none,transpose,left,upper,unit,dgemm,gpu,clblas,4,S9150_14.50.2,1928.95
3976,3976,3976,0,0,0,0,0,0,1.0,1.0,column,none,transpose,left,upper,unit,dgemm,gpu,clblas,4,S9150_14.50.2,1831.5
3984,3984,3984,0,0,0,0,0,0,1.0,1.0,column,none,transpose,left,upper,unit,dgemm,gpu,clblas,4,S9150_14.50.2,1868.62
3992,3992,3992,0,0,0,0,0,0,1.0,1.0,column,none,transpose,left,upper,unit,dgemm,gpu,clblas,4,S9150_14.50.2,1848.86
4000,4000,4000,0,0,0,0,0,0,1.0,1.0,column,none,transpose,left,upper,unit,dgemm,gpu,clblas,4,S9150_14.50.2,1866.37
4008,4008,4008,0,0,0,0,0,0,1.0,1.0,column,none,transpose,left,upper,unit,dgemm,gpu,clblas,4,S9150_14.50.2,1874.72
4016,4016,4016,0,0,0,0,0,0,1.0,1.0,column,none,transpose,left,upper,unit,dgemm,gpu,clblas,4,S9150_14.50.2,1871.11
4024,4024,4024,0,0,0,0,0,0,1.0,1.0,column,none,transpose,left,upper,unit,dgemm,gpu,clblas,4,S9150_14.50.2,1877.14
4032,4032,4032,0,0,0,0,0,0,1.0,1.0,column,none,transpose,left,upper,unit,dgemm,gpu,clblas,4,S9150_14.50.2,1870.57
4040,4040,4040,0,0,0,0,0,0,1.0,1.0,column,none,transpose,left,upper,unit,dgemm,gpu,clblas,4,S9150_14.50.2,1845.67
4048,4048,4048,0,0,0,0,0,0,1.0,1.0,column,none,transpose,left,upper,unit,dgemm,gpu,clblas,4,S9150_14.50.2,1851.38
4056,4056,4056,0,0,0,0,0,0,1.0,1.0,column,none,transpose,left,upper,unit,dgemm,gpu,clblas,4,S9150_14.50.2,1857.85
4064,4064,4064,0,0,0,0,0,0,1.0,1.0,column,none,transpose,left,upper,unit,dgemm,gpu,clblas,4,S9150_14.50.2,1860.38
4072,4072,4072,0,0,0,0,0,0,1.0,1.0,column,none,transpose,left,upper,unit,dgemm,gpu,clblas,4,S9150_14.50.2,1874.15
4080,4080,4080,0,0,0,0,0,0,1.0,1.0,column,none,transpose,left,upper,unit,dgemm,gpu,clblas,4,S9150_14.50.2,1858.95
4088,4088,4088,0,0,0,0,0,0,1.0,1.0,column,none,transpose,left,upper,unit,dgemm,gpu,clblas,4,S9150_14.50.2,1863.02
4096,4096,4096,0,0,0,0,0,0,1.0,1.0,column,none,transpose,left,upper,unit,dgemm,gpu,clblas,4,S9150_14.50.2,532.301
4104,4104,4104,0,0,0,0,0,0,1.0,1.0,column,none,transpose,left,upper,unit,dgemm,gpu,clblas,4,S9150_14.50.2,1817.29
4112,4112,4112,0,0,0,0,0,0,1.0,1.0,column,none,transpose,left,upper,unit,dgemm,gpu,clblas,4,S9150_14.50.2,1843.93
4120,4120,4120,0,0,0,0,0,0,1.0,1.0,column,none,transpose,left,upper,unit,dgemm,gpu,clblas,4,S9150_14.50.2,1857.48
4128,4128,4128,0,0,0,0,0,0,1.0,1.0,column,none,transpose,left,upper,unit,dgemm,gpu,clblas,4,S9150_14.50.2,1867.54
4136,4136,4136,0,0,0,0,0,0,1.0,1.0,column,none,transpose,left,upper,unit,dgemm,gpu,clblas,4,S9150_14.50.2,1869.15
4144,4144,4144,0,0,0,0,0,0,1.0,1.0,column,none,transpose,left,upper,unit,dgemm,gpu,clblas,4,S9150_14.50.2,1876.2
4152,4152,4152,0,0,0,0,0,0,1.0,1.0,column,none,transpose,left,upper,unit,dgemm,gpu,clblas,4,S9150_14.50.2,1888.28
4160,4160,4160,0,0,0,0,0,0,1.0,1.0,column,none,transpose,left,upper,unit,dgemm,gpu,clblas,4,S9150_14.50.2,1927.0
4168,4168,4168,0,0,0,0,0,0,1.0,1.0,column,none,transpose,left,upper,unit,dgemm,gpu,clblas,4,S9150_14.50.2,1844.25
4176,4176,4176,0,0,0,0,0,0,1.0,1.0,column,none,transpose,left,upper,unit,dgemm,gpu,clblas,4,S9150_14.50.2,1867.52
4184,4184,4184,0,0,0,0,0,0,1.0,1.0,column,none,transpose,left,upper,unit,dgemm,gpu,clblas,4,S9150_14.50.2,1855.35
4192,4192,4192,0,0,0,0,0,0,1.0,1.0,column,none,transpose,left,upper,unit,dgemm,gpu,clblas,4,S9150_14.50.2,1869.01
4200,4200,4200,0,0,0,0,0,0,1.0,1.0,column,none,transpose,left,upper,unit,dgemm,gpu,clblas,4,S9150_14.50.2,1873.02
4208,4208,4208,0,0,0,0,0,0,1.0,1.0,column,none,transpose,left,upper,unit,dgemm,gpu,clblas,4,S9150_14.50.2,1878.2
4216,4216,4216,0,0,0,0,0,0,1.0,1.0,column,none,transpose,left,upper,unit,dgemm,gpu,clblas,4,S9150_14.50.2,1885.04
4224,4224,4224,0,0,0,0,0,0,1.0,1.0,column,none,transpose,left,upper,unit,dgemm,gpu,clblas,4,S9150_14.50.2,1881.27
4232,4232,4232,0,0,0,0,0,0,1.0,1.0,column,none,transpose,left,upper,unit,dgemm,gpu,clblas,4,S9150_14.50.2,1845.18
4240,4240,4240,0,0,0,0,0,0,1.0,1.0,column,none,transpose,left,upper,unit,dgemm,gpu,clblas,4,S9150_14.50.2,1855.33
4248,4248,4248,0,0,0,0,0,0,1.0,1.0,column,none,transpose,left,upper,unit,dgemm,gpu,clblas,4,S9150_14.50.2,1859.1
4256,4256,4256,0,0,0,0,0,0,1.0,1.0,column,none,transpose,left,upper,unit,dgemm,gpu,clblas,4,S9150_14.50.2,1872.64
4264,4264,4264,0,0,0,0,0,0,1.0,1.0,column,none,transpose,left,upper,unit,dgemm,gpu,clblas,4,S9150_14.50.2,1872.8
4272,4272,4272,0,0,0,0,0,0,1.0,1.0,column,none,transpose,left,upper,unit,dgemm,gpu,clblas,4,S9150_14.50.2,1868.57
4280,4280,4280,0,0,0,0,0,0,1.0,1.0,column,none,transpose,left,upper,unit,dgemm,gpu,clblas,4,S9150_14.50.2,1886.51
4288,4288,4288,0,0,0,0,0,0,1.0,1.0,column,none,transpose,left,upper,unit,dgemm,gpu,clblas,4,S9150_14.50.2,1929.65
4296,4296,4296,0,0,0,0,0,0,1.0,1.0,column,none,transpose,left,upper,unit,dgemm,gpu,clblas,4,S9150_14.50.2,1845.66
4304,4304,4304,0,0,0,0,0,0,1.0,1.0,column,none,transpose,left,upper,unit,dgemm,gpu,clblas,4,S9150_14.50.2,1854.42
4312,4312,4312,0,0,0,0,0,0,1.0,1.0,column,none,transpose,left,upper,unit,dgemm,gpu,clblas,4,S9150_14.50.2,1858.38
4320,4320,4320,0,0,0,0,0,0,1.0,1.0,column,none,transpose,left,upper,unit,dgemm,gpu,clblas,4,S9150_14.50.2,1874.68
4328,4328,4328,0,0,0,0,0,0,1.0,1.0,column,none,transpose,left,upper,unit,dgemm,gpu,clblas,4,S9150_14.50.2,1873.98
4336,4336,4336,0,0,0,0,0,0,1.0,1.0,column,none,transpose,left,upper,unit,dgemm,gpu,clblas,4,S9150_14.50.2,1882.43
4344,4344,4344,0,0,0,0,0,0,1.0,1.0,column,none,transpose,left,upper,unit,dgemm,gpu,clblas,4,S9150_14.50.2,1881.25
4352,4352,4352,0,0,0,0,0,0,1.0,1.0,column,none,transpose,left,upper,unit,dgemm,gpu,clblas,4,S9150_14.50.2,1929.96
4360,4360,4360,0,0,0,0,0,0,1.0,1.0,column,none,transpose,left,upper,unit,dgemm,gpu,clblas,4,S9150_14.50.2,1847.39
4368,4368,4368,0,0,0,0,0,0,1.0,1.0,column,none,transpose,left,upper,unit,dgemm,gpu,clblas,4,S9150_14.50.2,1869.65
4376,4376,4376,0,0,0,0,0,0,1.0,1.0,column,none,transpose,left,upper,unit,dgemm,gpu,clblas,4,S9150_14.50.2,1863.1
4384,4384,4384,0,0,0,0,0,0,1.0,1.0,column,none,transpose,left,upper,unit,dgemm,gpu,clblas,4,S9150_14.50.2,1872.66
4392,4392,4392,0,0,0,0,0,0,1.0,1.0,column,none,transpose,left,upper,unit,dgemm,gpu,clblas,4,S9150_14.50.2,1876.6
4400,4400,4400,0,0,0,0,0,0,1.0,1.0,column,none,transpose,left,upper,unit,dgemm,gpu,clblas,4,S9150_14.50.2,1885.25
4408,4408,4408,0,0,0,0,0,0,1.0,1.0,column,none,transpose,left,upper,unit,dgemm,gpu,clblas,4,S9150_14.50.2,1888.88
4416,4416,4416,0,0,0,0,0,0,1.0,1.0,column,none,transpose,left,upper,unit,dgemm,gpu,clblas,4,S9150_14.50.2,1877.44
4424,4424,4424,0,0,0,0,0,0,1.0,1.0,column,none,transpose,left,upper,unit,dgemm,gpu,clblas,4,S9150_14.50.2,1851.18
4432,4432,4432,0,0,0,0,0,0,1.0,1.0,column,none,transpose,left,upper,unit,dgemm,gpu,clblas,4,S9150_14.50.2,1860.47
4440,4440,4440,0,0,0,0,0,0,1.0,1.0,column,none,transpose,left,upper,unit,dgemm,gpu,clblas,4,S9150_14.50.2,1863.96
4448,4448,4448,0,0,0,0,0,0,1.0,1.0,column,none,transpose,left,upper,unit,dgemm,gpu,clblas,4,S9150_14.50.2,1876.31
4456,4456,4456,0,0,0,0,0,0,1.0,1.0,column,none,transpose,left,upper,unit,dgemm,gpu,clblas,4,S9150_14.50.2,1878.54
4464,4464,4464,0,0,0,0,0,0,1.0,1.0,column,none,transpose,left,upper,unit,dgemm,gpu,clblas,4,S9150_14.50.2,1877.46
4472,4472,4472,0,0,0,0,0,0,1.0,1.0,column,none,transpose,left,upper,unit,dgemm,gpu,clblas,4,S9150_14.50.2,1891.67
4480,4480,4480,0,0,0,0,0,0,1.0,1.0,column,none,transpose,left,upper,unit,dgemm,gpu,clblas,4,S9150_14.50.2,1938.13
4488,4488,4488,0,0,0,0,0,0,1.0,1.0,column,none,transpose,left,upper,unit,dgemm,gpu,clblas,4,S9150_14.50.2,1855.52
4496,4496,4496,0,0,0,0,0,0,1.0,1.0,column,none,transpose,left,upper,unit,dgemm,gpu,clblas,4,S9150_14.50.2,1865.85
4504,4504,4504,0,0,0,0,0,0,1.0,1.0,column,none,transpose,left,upper,unit,dgemm,gpu,clblas,4,S9150_14.50.2,1869.31
4512,4512,4512,0,0,0,0,0,0,1.0,1.0,column,none,transpose,left,upper,unit,dgemm,gpu,clblas,4,S9150_14.50.2,1881.69
4520,4520,4520,0,0,0,0,0,0,1.0,1.0,column,none,transpose,left,upper,unit,dgemm,gpu,clblas,4,S9150_14.50.2,1881.67
4528,4528,4528,0,0,0,0,0,0,1.0,1.0,column,none,transpose,left,upper,unit,dgemm,gpu,clblas,4,S9150_14.50.2,1890.02
4536,4536,4536,0,0,0,0,0,0,1.0,1.0,column,none,transpose,left,upper,unit,dgemm,gpu,clblas,4,S9150_14.50.2,1897.5
4544,4544,4544,0,0,0,0,0,0,1.0,1.0,column,none,transpose,left,upper,unit,dgemm,gpu,clblas,4,S9150_14.50.2,1942.65
4552,4552,4552,0,0,0,0,0,0,1.0,1.0,column,none,transpose,left,upper,unit,dgemm,gpu,clblas,4,S9150_14.50.2,1857.5
4560,4560,4560,0,0,0,0,0,0,1.0,1.0,column,none,transpose,left,upper,unit,dgemm,gpu,clblas,4,S9150_14.50.2,1883.03
4568,4568,4568,0,0,0,0,0,0,1.0,1.0,column,none,transpose,left,upper,unit,dgemm,gpu,clblas,4,S9150_14.50.2,1877.6
4576,4576,4576,0,0,0,0,0,0,1.0,1.0,column,none,transpose,left,upper,unit,dgemm,gpu,clblas,4,S9150_14.50.2,1881.62
4584,4584,4584,0,0,0,0,0,0,1.0,1.0,column,none,transpose,left,upper,unit,dgemm,gpu,clblas,4,S9150_14.50.2,1890.3
4592,4592,4592,0,0,0,0,0,0,1.0,1.0,column,none,transpose,left,upper,unit,dgemm,gpu,clblas,4,S9150_14.50.2,1891.48
4600,4600,4600,0,0,0,0,0,0,1.0,1.0,column,none,transpose,left,upper,unit,dgemm,gpu,clblas,4,S9150_14.50.2,1889.99
4608,4608,4608,0,0,0,0,0,0,1.0,1.0,column,none,transpose,left,upper,unit,dgemm,gpu,clblas,4,S9150_14.50.2,627.033
4616,4616,4616,0,0,0,0,0,0,1.0,1.0,column,none,transpose,left,upper,unit,dgemm,gpu,clblas,4,S9150_14.50.2,1851.91
4624,4624,4624,0,0,0,0,0,0,1.0,1.0,column,none,transpose,left,upper,unit,dgemm,gpu,clblas,4,S9150_14.50.2,1864.71
4632,4632,4632,0,0,0,0,0,0,1.0,1.0,column,none,transpose,left,upper,unit,dgemm,gpu,clblas,4,S9150_14.50.2,1878.46
4640,4640,4640,0,0,0,0,0,0,1.0,1.0,column,none,transpose,left,upper,unit,dgemm,gpu,clblas,4,S9150_14.50.2,1882.3
4648,4648,4648,0,0,0,0,0,0,1.0,1.0,column,none,transpose,left,upper,unit,dgemm,gpu,clblas,4,S9150_14.50.2,1886.65
4656,4656,4656,0,0,0,0,0,0,1.0,1.0,column,none,transpose,left,upper,unit,dgemm,gpu,clblas,4,S9150_14.50.2,1888.97
4664,4664,4664,0,0,0,0,0,0,1.0,1.0,column,none,transpose,left,upper,unit,dgemm,gpu,clblas,4,S9150_14.50.2,1899.69
4672,4672,4672,0,0,0,0,0,0,1.0,1.0,column,none,transpose,left,upper,unit,dgemm,gpu,clblas,4,S9150_14.50.2,1937.44
4680,4680,4680,0,0,0,0,0,0,1.0,1.0,column,none,transpose,left,upper,unit,dgemm,gpu,clblas,4,S9150_14.50.2,1862.79
4688,4688,4688,0,0,0,0,0,0,1.0,1.0,column,none,transpose,left,upper,unit,dgemm,gpu,clblas,4,S9150_14.50.2,1867.64
4696,4696,4696,0,0,0,0,0,0,1.0,1.0,column,none,transpose,left,upper,unit,dgemm,gpu,clblas,4,S9150_14.50.2,1877.06
4704,4704,4704,0,0,0,0,0,0,1.0,1.0,column,none,transpose,left,upper,unit,dgemm,gpu,clblas,4,S9150_14.50.2,1893.7
4712,4712,4712,0,0,0,0,0,0,1.0,1.0,column,none,transpose,left,upper,unit,dgemm,gpu,clblas,4,S9150_14.50.2,1886.1
4720,4720,4720,0,0,0,0,0,0,1.0,1.0,column,none,transpose,left,upper,unit,dgemm,gpu,clblas,4,S9150_14.50.2,1894.58
4728,4728,4728,0,0,0,0,0,0,1.0,1.0,column,none,transpose,left,upper,unit,dgemm,gpu,clblas,4,S9150_14.50.2,1901.42
4736,4736,4736,0,0,0,0,0,0,1.0,1.0,column,none,transpose,left,upper,unit,dgemm,gpu,clblas,4,S9150_14.50.2,1942.71
4744,4744,4744,0,0,0,0,0,0,1.0,1.0,column,none,transpose,left,upper,unit,dgemm,gpu,clblas,4,S9150_14.50.2,1862.99
4752,4752,4752,0,0,0,0,0,0,1.0,1.0,column,none,transpose,left,upper,unit,dgemm,gpu,clblas,4,S9150_14.50.2,1894.74
4760,4760,4760,0,0,0,0,0,0,1.0,1.0,column,none,transpose,left,upper,unit,dgemm,gpu,clblas,4,S9150_14.50.2,1878.23
4768,4768,4768,0,0,0,0,0,0,1.0,1.0,column,none,transpose,left,upper,unit,dgemm,gpu,clblas,4,S9150_14.50.2,1890.07
4776,4776,4776,0,0,0,0,0,0,1.0,1.0,column,none,transpose,left,upper,unit,dgemm,gpu,clblas,4,S9150_14.50.2,1890.49
4784,4784,4784,0,0,0,0,0,0,1.0,1.0,column,none,transpose,left,upper,unit,dgemm,gpu,clblas,4,S9150_14.50.2,1896.94
4792,4792,4792,0,0,0,0,0,0,1.0,1.0,column,none,transpose,left,upper,unit,dgemm,gpu,clblas,4,S9150_14.50.2,1901.95
4800,4800,4800,0,0,0,0,0,0,1.0,1.0,column,none,transpose,left,upper,unit,dgemm,gpu,clblas,4,S9150_14.50.2,1898.94
4808,4808,4808,0,0,0,0,0,0,1.0,1.0,column,none,transpose,left,upper,unit,dgemm,gpu,clblas,4,S9150_14.50.2,1867.9
4816,4816,4816,0,0,0,0,0,0,1.0,1.0,column,none,transpose,left,upper,unit,dgemm,gpu,clblas,4,S9150_14.50.2,1879.67
4824,4824,4824,0,0,0,0,0,0,1.0,1.0,column,none,transpose,left,upper,unit,dgemm,gpu,clblas,4,S9150_14.50.2,1886.77
4832,4832,4832,0,0,0,0,0,0,1.0,1.0,column,none,transpose,left,upper,unit,dgemm,gpu,clblas,4,S9150_14.50.2,1888.51
4840,4840,4840,0,0,0,0,0,0,1.0,1.0,column,none,transpose,left,upper,unit,dgemm,gpu,clblas,4,S9150_14.50.2,1894.08
4848,4848,4848,0,0,0,0,0,0,1.0,1.0,column,none,transpose,left,upper,unit,dgemm,gpu,clblas,4,S9150_14.50.2,1896.75
4856,4856,4856,0,0,0,0,0,0,1.0,1.0,column,none,transpose,left,upper,unit,dgemm,gpu,clblas,4,S9150_14.50.2,1900.83
4864,4864,4864,0,0,0,0,0,0,1.0,1.0,column,none,transpose,left,upper,unit,dgemm,gpu,clblas,4,S9150_14.50.2,1939.52
4872,4872,4872,0,0,0,0,0,0,1.0,1.0,column,none,transpose,left,upper,unit,dgemm,gpu,clblas,4,S9150_14.50.2,1864.58
4880,4880,4880,0,0,0,0,0,0,1.0,1.0,column,none,transpose,left,upper,unit,dgemm,gpu,clblas,4,S9150_14.50.2,1873.1
4888,4888,4888,0,0,0,0,0,0,1.0,1.0,column,none,transpose,left,upper,unit,dgemm,gpu,clblas,4,S9150_14.50.2,1879.62
4896,4896,4896,0,0,0,0,0,0,1.0,1.0,column,none,transpose,left,upper,unit,dgemm,gpu,clblas,4,S9150_14.50.2,1884.23
4904,4904,4904,0,0,0,0,0,0,1.0,1.0,column,none,transpose,left,upper,unit,dgemm,gpu,clblas,4,S9150_14.50.2,1891.4
4912,4912,4912,0,0,0,0,0,0,1.0,1.0,column,none,transpose,left,upper,unit,dgemm,gpu,clblas,4,S9150_14.50.2,1899.06
4920,4920,4920,0,0,0,0,0,0,1.0,1.0,column,none,transpose,left,upper,unit,dgemm,gpu,clblas,4,S9150_14.50.2,1902.86
4928,4928,4928,0,0,0,0,0,0,1.0,1.0,column,none,transpose,left,upper,unit,dgemm,gpu,clblas,4,S9150_14.50.2,1949.16
4936,4936,4936,0,0,0,0,0,0,1.0,1.0,column,none,transpose,left,upper,unit,dgemm,gpu,clblas,4,S9150_14.50.2,1870.09
4944,4944,4944,0,0,0,0,0,0,1.0,1.0,column,none,transpose,left,upper,unit,dgemm,gpu,clblas,4,S9150_14.50.2,1883.57
4952,4952,4952,0,0,0,0,0,0,1.0,1.0,column,none,transpose,left,upper,unit,dgemm,gpu,clblas,4,S9150_14.50.2,1883.86
4960,4960,4960,0,0,0,0,0,0,1.0,1.0,column,none,transpose,left,upper,unit,dgemm,gpu,clblas,4,S9150_14.50.2,1891.14
4968,4968,4968,0,0,0,0,0,0,1.0,1.0,column,none,transpose,left,upper,unit,dgemm,gpu,clblas,4,S9150_14.50.2,1900.2
4976,4976,4976,0,0,0,0,0,0,1.0,1.0,column,none,transpose,left,upper,unit,dgemm,gpu,clblas,4,S9150_14.50.2,1906.92
4984,4984,4984,0,0,0,0,0,0,1.0,1.0,column,none,transpose,left,upper,unit,dgemm,gpu,clblas,4,S9150_14.50.2,1908.64
4992,4992,4992,0,0,0,0,0,0,1.0,1.0,column,none,transpose,left,upper,unit,dgemm,gpu,clblas,4,S9150_14.50.2,1884.35
5000,5000,5000,0,0,0,0,0,0,1.0,1.0,column,none,transpose,left,upper,unit,dgemm,gpu,clblas,4,S9150_14.50.2,1873.82
5008,5008,5008,0,0,0,0,0,0,1.0,1.0,column,none,transpose,left,upper,unit,dgemm,gpu,clblas,4,S9150_14.50.2,1882.9
5016,5016,5016,0,0,0,0,0,0,1.0,1.0,column,none,transpose,left,upper,unit,dgemm,gpu,clblas,4,S9150_14.50.2,1885.16
5024,5024,5024,0,0,0,0,0,0,1.0,1.0,column,none,transpose,left,upper,unit,dgemm,gpu,clblas,4,S9150_14.50.2,1892.09
5032,5032,5032,0,0,0,0,0,0,1.0,1.0,column,none,transpose,left,upper,unit,dgemm,gpu,clblas,4,S9150_14.50.2,1894.53
5040,5040,5040,0,0,0,0,0,0,1.0,1.0,column,none,transpose,left,upper,unit,dgemm,gpu,clblas,4,S9150_14.50.2,1894.85
5048,5048,5048,0,0,0,0,0,0,1.0,1.0,column,none,transpose,left,upper,unit,dgemm,gpu,clblas,4,S9150_14.50.2,1906.85
5056,5056,5056,0,0,0,0,0,0,1.0,1.0,column,none,transpose,left,upper,unit,dgemm,gpu,clblas,4,S9150_14.50.2,1951.43
5064,5064,5064,0,0,0,0,0,0,1.0,1.0,column,none,transpose,left,upper,unit,dgemm,gpu,clblas,4,S9150_14.50.2,1877.9
5072,5072,5072,0,0,0,0,0,0,1.0,1.0,column,none,transpose,left,upper,unit,dgemm,gpu,clblas,4,S9150_14.50.2,1885.03
5080,5080,5080,0,0,0,0,0,0,1.0,1.0,column,none,transpose,left,upper,unit,dgemm,gpu,clblas,4,S9150_14.50.2,1889.79
5088,5088,5088,0,0,0,0,0,0,1.0,1.0,column,none,transpose,left,upper,unit,dgemm,gpu,clblas,4,S9150_14.50.2,1899.5
5096,5096,5096,0,0,0,0,0,0,1.0,1.0,column,none,transpose,left,upper,unit,dgemm,gpu,clblas,4,S9150_14.50.2,1897.1
5104,5104,5104,0,0,0,0,0,0,1.0,1.0,column,none,transpose,left,upper,unit,dgemm,gpu,clblas,4,S9150_14.50.2,1907.66
5112,5112,5112,0,0,0,0,0,0,1.0,1.0,column,none,transpose,left,upper,unit,dgemm,gpu,clblas,4,S9150_14.50.2,1901.9
5120,5120,5120,0,0,0,0,0,0,1.0,1.0,column,none,transpose,left,upper,unit,dgemm,gpu,clblas,4,S9150_14.50.2,1167.52
5128,5128,5128,0,0,0,0,0,0,1.0,1.0,column,none,transpose,left,upper,unit,dgemm,gpu,clblas,4,S9150_14.50.2,1870.32
5136,5136,5136,0,0,0,0,0,0,1.0,1.0,column,none,transpose,left,upper,unit,dgemm,gpu,clblas,4,S9150_14.50.2,1875.69
5144,5144,5144,0,0,0,0,0,0,1.0,1.0,column,none,transpose,left,upper,unit,dgemm,gpu,clblas,4,S9150_14.50.2,1886.25
5152,5152,5152,0,0,0,0,0,0,1.0,1.0,column,none,transpose,left,upper,unit,dgemm,gpu,clblas,4,S9150_14.50.2,1894.82
5160,5160,5160,0,0,0,0,0,0,1.0,1.0,column,none,transpose,left,upper,unit,dgemm,gpu,clblas,4,S9150_14.50.2,1903.03
5168,5168,5168,0,0,0,0,0,0,1.0,1.0,column,none,transpose,left,upper,unit,dgemm,gpu,clblas,4,S9150_14.50.2,1909.26
5176,5176,5176,0,0,0,0,0,0,1.0,1.0,column,none,transpose,left,upper,unit,dgemm,gpu,clblas,4,S9150_14.50.2,1912.68
5184,5184,5184,0,0,0,0,0,0,1.0,1.0,column,none,transpose,left,upper,unit,dgemm,gpu,clblas,4,S9150_14.50.2,1889.98
5192,5192,5192,0,0,0,0,0,0,1.0,1.0,column,none,transpose,left,upper,unit,dgemm,gpu,clblas,4,S9150_14.50.2,1879.96
5200,5200,5200,0,0,0,0,0,0,1.0,1.0,column,none,transpose,left,upper,unit,dgemm,gpu,clblas,4,S9150_14.50.2,1885.96
5208,5208,5208,0,0,0,0,0,0,1.0,1.0,column,none,transpose,left,upper,unit,dgemm,gpu,clblas,4,S9150_14.50.2,1890.54
5216,5216,5216,0,0,0,0,0,0,1.0,1.0,column,none,transpose,left,upper,unit,dgemm,gpu,clblas,4,S9150_14.50.2,1897.93
5224,5224,5224,0,0,0,0,0,0,1.0,1.0,column,none,transpose,left,upper,unit,dgemm,gpu,clblas,4,S9150_14.50.2,1901.07
5232,5232,5232,0,0,0,0,0,0,1.0,1.0,column,none,transpose,left,upper,unit,dgemm,gpu,clblas,4,S9150_14.50.2,1893.22
5240,5240,5240,0,0,0,0,0,0,1.0,1.0,column,none,transpose,left,upper,unit,dgemm,gpu,clblas,4,S9150_14.50.2,1912.17
5248,5248,5248,0,0,0,0,0,0,1.0,1.0,column,none,transpose,left,upper,unit,dgemm,gpu,clblas,4,S9150_14.50.2,1951.88
5256,5256,5256,0,0,0,0,0,0,1.0,1.0,column,none,transpose,left,upper,unit,dgemm,gpu,clblas,4,S9150_14.50.2,1880.3
5264,5264,5264,0,0,0,0,0,0,1.0,1.0,column,none,transpose,left,upper,unit,dgemm,gpu,clblas,4,S9150_14.50.2,1885.35
5272,5272,5272,0,0,0,0,0,0,1.0,1.0,column,none,transpose,left,upper,unit,dgemm,gpu,clblas,4,S9150_14.50.2,1890.84
5280,5280,5280,0,0,0,0,0,0,1.0,1.0,column,none,transpose,left,upper,unit,dgemm,gpu,clblas,4,S9150_14.50.2,1897.85
5288,5288,5288,0,0,0,0,0,0,1.0,1.0,column,none,transpose,left,upper,unit,dgemm,gpu,clblas,4,S9150_14.50.2,1897.57
5296,5296,5296,0,0,0,0,0,0,1.0,1.0,column,none,transpose,left,upper,unit,dgemm,gpu,clblas,4,S9150_14.50.2,1907.51
5304,5304,5304,0,0,0,0,0,0,1.0,1.0,column,none,transpose,left,upper,unit,dgemm,gpu,clblas,4,S9150_14.50.2,1914.74
5312,5312,5312,0,0,0,0,0,0,1.0,1.0,column,none,transpose,left,upper,unit,dgemm,gpu,clblas,4,S9150_14.50.2,1949.99
5320,5320,5320,0,0,0,0,0,0,1.0,1.0,column,none,transpose,left,upper,unit,dgemm,gpu,clblas,4,S9150_14.50.2,1882.96
5328,5328,5328,0,0,0,0,0,0,1.0,1.0,column,none,transpose,left,upper,unit,dgemm,gpu,clblas,4,S9150_14.50.2,1881.43
5336,5336,5336,0,0,0,0,0,0,1.0,1.0,column,none,transpose,left,upper,unit,dgemm,gpu,clblas,4,S9150_14.50.2,1890.87
5344,5344,5344,0,0,0,0,0,0,1.0,1.0,column,none,transpose,left,upper,unit,dgemm,gpu,clblas,4,S9150_14.50.2,1899.55
5352,5352,5352,0,0,0,0,0,0,1.0,1.0,column,none,transpose,left,upper,unit,dgemm,gpu,clblas,4,S9150_14.50.2,1900.56
5360,5360,5360,0,0,0,0,0,0,1.0,1.0,column,none,transpose,left,upper,unit,dgemm,gpu,clblas,4,S9150_14.50.2,1908.78
5368,5368,5368,0,0,0,0,0,0,1.0,1.0,column,none,transpose,left,upper,unit,dgemm,gpu,clblas,4,S9150_14.50.2,1915.03
5376,5376,5376,0,0,0,0,0,0,1.0,1.0,column,none,transpose,left,upper,unit,dgemm,gpu,clblas,4,S9150_14.50.2,1052.81
5384,5384,5384,0,0,0,0,0,0,1.0,1.0,column,none,transpose,left,upper,unit,dgemm,gpu,clblas,4,S9150_14.50.2,1876.17
5392,5392,5392,0,0,0,0,0,0,1.0,1.0,column,none,transpose,left,upper,unit,dgemm,gpu,clblas,4,S9150_14.50.2,1889.13
5400,5400,5400,0,0,0,0,0,0,1.0,1.0,column,none,transpose,left,upper,unit,dgemm,gpu,clblas,4,S9150_14.50.2,1891.59
5408,5408,5408,0,0,0,0,0,0,1.0,1.0,column,none,transpose,left,upper,unit,dgemm,gpu,clblas,4,S9150_14.50.2,1789.14
5416,5416,5416,0,0,0,0,0,0,1.0,1.0,column,none,transpose,left,upper,unit,dgemm,gpu,clblas,4,S9150_14.50.2,1800.09
5424,5424,5424,0,0,0,0,0,0,1.0,1.0,column,none,transpose,left,upper,unit,dgemm,gpu,clblas,4,S9150_14.50.2,1891.55
5432,5432,5432,0,0,0,0,0,0,1.0,1.0,column,none,transpose,left,upper,unit,dgemm,gpu,clblas,4,S9150_14.50.2,1773.1
5440,5440,5440,0,0,0,0,0,0,1.0,1.0,column,none,transpose,left,upper,unit,dgemm,gpu,clblas,4,S9150_14.50.2,1946.86
5448,5448,5448,0,0,0,0,0,0,1.0,1.0,column,none,transpose,left,upper,unit,dgemm,gpu,clblas,4,S9150_14.50.2,1780.36
5456,5456,5456,0,0,0,0,0,0,1.0,1.0,column,none,transpose,left,upper,unit,dgemm,gpu,clblas,4,S9150_14.50.2,1775.18
5464,5464,5464,0,0,0,0,0,0,1.0,1.0,column,none,transpose,left,upper,unit,dgemm,gpu,clblas,4,S9150_14.50.2,1762.86
5472,5472,5472,0,0,0,0,0,0,1.0,1.0,column,none,transpose,left,upper,unit,dgemm,gpu,clblas,4,S9150_14.50.2,1894.92
5480,5480,5480,0,0,0,0,0,0,1.0,1.0,column,none,transpose,left,upper,unit,dgemm,gpu,clblas,4,S9150_14.50.2,1761.19
5488,5488,5488,0,0,0,0,0,0,1.0,1.0,column,none,transpose,left,upper,unit,dgemm,gpu,clblas,4,S9150_14.50.2,1779.9
5496,5496,5496,0,0,0,0,0,0,1.0,1.0,column,none,transpose,left,upper,unit,dgemm,gpu,clblas,4,S9150_14.50.2,1764.95
5504,5504,5504,0,0,0,0,0,0,1.0,1.0,column,none,transpose,left,upper,unit,dgemm,gpu,clblas,4,S9150_14.50.2,1945.64
5512,5512,5512,0,0,0,0,0,0,1.0,1.0,column,none,transpose,left,upper,unit,dgemm,gpu,clblas,4,S9150_14.50.2,1779.96
5520,5520,5520,0,0,0,0,0,0,1.0,1.0,column,none,transpose,left,upper,unit,dgemm,gpu,clblas,4,S9150_14.50.2,1886.92
5528,5528,5528,0,0,0,0,0,0,1.0,1.0,column,none,transpose,left,upper,unit,dgemm,gpu,clblas,4,S9150_14.50.2,1781.68
5536,5536,5536,0,0,0,0,0,0,1.0,1.0,column,none,transpose,left,upper,unit,dgemm,gpu,clblas,4,S9150_14.50.2,1779.2
5544,5544,5544,0,0,0,0,0,0,1.0,1.0,column,none,transpose,left,upper,unit,dgemm,gpu,clblas,4,S9150_14.50.2,1772.69
5552,5552,5552,0,0,0,0,0,0,1.0,1.0,column,none,transpose,left,upper,unit,dgemm,gpu,clblas,4,S9150_14.50.2,1783.51
5560,5560,5560,0,0,0,0,0,0,1.0,1.0,column,none,transpose,left,upper,unit,dgemm,gpu,clblas,4,S9150_14.50.2,1788.97
5568,5568,5568,0,0,0,0,0,0,1.0,1.0,column,none,transpose,left,upper,unit,dgemm,gpu,clblas,4,S9150_14.50.2,1893.65
5576,5576,5576,0,0,0,0,0,0,1.0,1.0,column,none,transpose,left,upper,unit,dgemm,gpu,clblas,4,S9150_14.50.2,1794.52
5584,5584,5584,0,0,0,0,0,0,1.0,1.0,column,none,transpose,left,upper,unit,dgemm,gpu,clblas,4,S9150_14.50.2,1785.93
5592,5592,5592,0,0,0,0,0,0,1.0,1.0,column,none,transpose,left,upper,unit,dgemm,gpu,clblas,4,S9150_14.50.2,1787.07
5600,5600,5600,0,0,0,0,0,0,1.0,1.0,column,none,transpose,left,upper,unit,dgemm,gpu,clblas,4,S9150_14.50.2,1798.78
5608,5608,5608,0,0,0,0,0,0,1.0,1.0,column,none,transpose,left,upper,unit,dgemm,gpu,clblas,4,S9150_14.50.2,1791.5
5616,5616,5616,0,0,0,0,0,0,1.0,1.0,column,none,transpose,left,upper,unit,dgemm,gpu,clblas,4,S9150_14.50.2,1889.68
5624,5624,5624,0,0,0,0,0,0,1.0,1.0,column,none,transpose,left,upper,unit,dgemm,gpu,clblas,4,S9150_14.50.2,1726.9
5632,5632,5632,0,0,0,0,0,0,1.0,1.0,column,none,transpose,left,upper,unit,dgemm,gpu,clblas,4,S9150_14.50.2,1081.06
5640,5640,5640,0,0,0,0,0,0,1.0,1.0,column,none,transpose,left,upper,unit,dgemm,gpu,clblas,4,S9150_14.50.2,1610.88
5648,5648,5648,0,0,0,0,0,0,1.0,1.0,column,none,transpose,left,upper,unit,dgemm,gpu,clblas,4,S9150_14.50.2,1775.56
5656,5656,5656,0,0,0,0,0,0,1.0,1.0,column,none,transpose,left,upper,unit,dgemm,gpu,clblas,4,S9150_14.50.2,1782.07
5664,5664,5664,0,0,0,0,0,0,1.0,1.0,column,none,transpose,left,upper,unit,dgemm,gpu,clblas,4,S9150_14.50.2,1887.6
5672,5672,5672,0,0,0,0,0,0,1.0,1.0,column,none,transpose,left,upper,unit,dgemm,gpu,clblas,4,S9150_14.50.2,1774.36
5680,5680,5680,0,0,0,0,0,0,1.0,1.0,column,none,transpose,left,upper,unit,dgemm,gpu,clblas,4,S9150_14.50.2,1787.88
5688,5688,5688,0,0,0,0,0,0,1.0,1.0,column,none,transpose,left,upper,unit,dgemm,gpu,clblas,4,S9150_14.50.2,1779.13
5696,5696,5696,0,0,0,0,0,0,1.0,1.0,column,none,transpose,left,upper,unit,dgemm,gpu,clblas,4,S9150_14.50.2,1947.02
5704,5704,5704,0,0,0,0,0,0,1.0,1.0,column,none,transpose,left,upper,unit,dgemm,gpu,clblas,4,S9150_14.50.2,1789.26
5712,5712,5712,0,0,0,0,0,0,1.0,1.0,column,none,transpose,left,upper,unit,dgemm,gpu,clblas,4,S9150_14.50.2,1891.45
5720,5720,5720,0,0,0,0,0,0,1.0,1.0,column,none,transpose,left,upper,unit,dgemm,gpu,clblas,4,S9150_14.50.2,1772.2
5728,5728,5728,0,0,0,0,0,0,1.0,1.0,column,none,transpose,left,upper,unit,dgemm,gpu,clblas,4,S9150_14.50.2,1787.8
5736,5736,5736,0,0,0,0,0,0,1.0,1.0,column,none,transpose,left,upper,unit,dgemm,gpu,clblas,4,S9150_14.50.2,1789.13
5744,5744,5744,0,0,0,0,0,0,1.0,1.0,column,none,transpose,left,upper,unit,dgemm,gpu,clblas,4,S9150_14.50.2,1803.68
5752,5752,5752,0,0,0,0,0,0,1.0,1.0,column,none,transpose,left,upper,unit,dgemm,gpu,clblas,4,S9150_14.50.2,1782.79
5760,5760,5760,0,0,0,0,0,0,1.0,1.0,column,none,transpose,left,upper,unit,dgemm,gpu,clblas,4,S9150_14.50.2,1882.52
